"","owner","num_of_ships","cartel_member_dummy"
"1","3I plc",1,0
"2","650 Leasing",2,0
"3","650Leasing",1,0
"4","673 Leasing",1,0
"5","675 Leasing",1,0
"6","A Boltem(Greece)",1,0
"7","A Bolten",1,0
"8","A Bottacchi",5,0
"9","A Held",1,0
"10","A Hinsch",1,0
"11","A Klingenberg",1,0
"12","A Schepers",1,0
"13","A Weir",4,0
"14","A/B Nordsjofrakt",2,0
"15","A/S Norscon",1,0
"16","A/S Sassaby",1,0
"17","A/S Team Askoy",1,0
"18","AB Engship",1,0
"19","AB Nordsjofrakt",1,0
"20","ABB Credit Finans",1,0
"21","ABC",2,0
"22","Abidos Mar",1,0
"23","Aboitiz",8,0
"24","Aboitiz Jebsen Bulk",1,0
"25","Accord Line SA",2,0
"26","Accurate Mar",1,0
"27","ACE-Atlantic Cont Exp",1,0
"28","Achille Lauro Lines",1,0
"29","ACT Shpp(Pte)",4,0
"30","ACT Shpp(Pte)Ltd",2,0
"31","Adamstor Shpp",1,0
"32","Aden Trading SA",1,0
"33","Adler Shpp",1,0
"34","Admiral Lines",1,0
"35","Adriatica",4,0
"36","Aedennes Shpp",1,0
"37","African Trading Corp",1,0
"38","Agapanto Hold",1,0
"39","Agromar",3,0
"40","Ah Bosman",1,0
"41","Ahernkiel",1,0
"42","Ahlers",2,0
"43","Ahlers NV",1,0
"44","Ahlmarco Shpp",1,0
"45","Ahrenkiel",10,0
"46","Aimores Shpp",1,0
"47","Aismores Shpp Co",1,0
"48","AJCL",3,0
"49","Akak",1,0
"50","Akritas Shpp",1,0
"51","Al Baraka Investments",1,0
"52","Alands Sea  Activities",1,0
"53","Albatros Pacific",1,0
"54","Albatross Verwaltungs",1,0
"55","Alburo Maritime",1,0
"56","Alexander Schroeder",1,0
"57","Algenib Pte Ltd",1,0
"58","Alianca",15,0
"59","Alice Mar Co",1,0
"60","Aliki",1,0
"61","Alkaios",1,0
"62","All Ocean Shpp",1,0
"63","Allgaeu Shpp",1,0
"64","Allpoints Mar Inc",1,0
"65","Allseas International",1,0
"66","Alnautic NV",1,0
"67","Alpha Schiff",1,0
"68","Alpina",2,0
"69","Alster Nav",2,0
"70","Altamar Int Shpp",2,0
"71","Altonia Schiff",1,0
"72","Alvarez",1,0
"73","Alyaga",1,0
"74","Alyage Nav",1,0
"75","Amazonit Marine",1,0
"76","Amsouth Bank Inc",1,0
"77","Amsouth Bank NA",1,0
"78","AmTrans",2,0
"79","Anaconda Mar",1,0
"80","Anangel Apollo",1,0
"81","Anangel Ares",1,0
"82","Anangel Atlas",1,0
"83","Anangel Challenge",1,0
"84","Anangel Leader",1,0
"85","Anangel Okim",1,0
"86","Anangel Shpp",3,0
"87","Anangel Victory",1,0
"88","Andonis Mar",1,0
"89","Angel Shpp",1,0
"90","Angkutan",6,0
"91","Anglia Shpp Corp",1,0
"92","Angonave",2,0
"93","ANL",7,0
"94","Annico Mar Inc",1,0
"95","Anticlea Nav",1,0
"96","Antje",1,0
"97","Antwerp Bulk",2,0
"98","Antwerp Bulk Carriers",2,0
"99","Antwerp Mar",1,0
"100","Aocord Lines",1,0
"101","AP Moller",3,0
"102","AP Moller(Sing)",3,0
"103","AP Moller(Singapore)",1,0
"104","APL",17,0
"105","Apollo Tran",1,0
"106","Aqua Siren Shpp",1,0
"107","Aquapulse Mar",1,0
"108","Aquarian Devt",2,0
"109","Aquarius Carriers",1,0
"110","Aquarius Shipholding",1,0
"111","Aquitania Shpp",1,0
"112","Arabia For Mar Tran",1,0
"113","Arabian Maritime Lines",4,0
"114","Arctic Lighter",1,0
"115","Arctic Prince Shpp",2,0
"116","Arethousa Shpp",1,0
"117","Aretusa",1,0
"118","Arfert&Bendig",1,0
"119","Argo",1,0
"120","Argo Nav(Pan)",1,0
"121","Argo Reederei",1,0
"122","Argolis Nav",1,0
"123","Argomar",1,0
"124","Argonaut Shpp",2,0
"125","Aria Shpp",1,0
"126","Ariana K Heinrich",1,0
"127","Ariane Shpp Corp",1,0
"128","Ariberg Oster",1,0
"129","Arnaouti Shpp",1,0
"130","Artemis Line",1,0
"131","Arucur",1,0
"132","Asahi Marine(Pan)",1,0
"133","Asahi Marine(Panama)",1,0
"134","ASB Shipping",1,0
"135","Asby Shpp",1,0
"136","ASCL/Nedlloyd",1,0
"137","Ashleam Bay",1,0
"138","Asia Lian Shpp",1,0
"139","Asia Lily",1,0
"140","Asian Lily",3,0
"141","Assoc Express Cont",1,0
"142","Assoc Levant",2,0
"143","Astra Transports",1,0
"144","Astro Cont",1,0
"145","Astron Shpp",1,0
"146","AT Stream SA",1,0
"147","ATE Investment",2,0
"148","Athiacca Ltd",1,0
"149","Atlantic Castle SA",1,0
"150","Atlantic Compass A/B",1,0
"151","Atlantic Searoute",2,0
"152","Atlantica di Navigazione",1,0
"153","Atlantica SpA",1,0
"154","Atlantska",2,0
"155","Atlantska Plovidba",3,0
"156","Atlas",1,0
"157","Atlas Shpp",3,0
"158","Atlas Trampship",1,0
"159","Attica Nav",1,0
"160","Auckland Express Shpp",1,0
"161","Audacious Marine",1,0
"162","Aug Bolten",2,0
"163","Aug Lindholms",1,0
"164","August Wolter",1,0
"165","Austasia Mar",1,0
"166","Austasia Maritime",1,0
"167","Austrasia Mar",2,0
"168","Avlis Shpp",1,0
"169","Azov",9,0
"170","Azov Shpp",3,0
"171","Azure Sands Shpp",1,0
"172","B Dopp Schiff/KG Haren",1,0
"173","B Rogliano",1,0
"174","B&I",2,0
"175","BA IIGeneral Leasing",1,0
"176","Baco-Liner",3,0
"177","Badger Maritime",1,0
"178","Baffin Line",1,0
"179","Bahia Shpp",1,0
"180","Balance Freight Srvs",1,0
"181","Balandra",1,0
"182","Bali Hai",1,0
"183","Baliwag Nav",1,0
"184","Balsco",1,0
"185","Baltic Marine Tran",1,0
"186","Baltic Sun CV",1,0
"187","Baltimar Corp",1,0
"188","Baltimar Overseas",4,0
"189","Baltimore Corp",2,0
"190","Bancrof Shpp",1,0
"191","Bangladesh",9,0
"192","Bank",3,0
"193","Bank of America",2,0
"194","Bank of Calif",2,0
"195","Bank of Pusan",1,0
"196","Bara International",2,0
"197","Barbara Shpp Ltd",1,0
"198","Barbarpos",1,0
"199","Bardot Shpp Corp",1,0
"200","Barnard Shpp",1,0
"201","Barra Car Carrier II",4,0
"202","Baru Shpp",1,0
"203","Basildon Shpp",1,0
"204","Bassato Mar",1,0
"205","Bassro Star A/S",1,0
"206","Bati Denizcilik",1,0
"207","Battersea Ltd",1,0
"208","Bauer&Hauschildt",2,0
"209","Baver&Hauschildt",1,0
"210","Bay Bridge Nav",1,0
"211","Bay Island Shpp",1,0
"212","Baysido Mar Trad",1,0
"213","Bcograska",1,0
"214","Beamshore Shpp",1,0
"215","Becker&Ruesch",1,0
"216","Belcan",4,0
"217","Belfast Freignt",1,0
"218","Belgian Shpp",3,0
"219","Belgium Shpp",1,0
"220","Belize Trading",1,0
"221","Bell",3,0
"222","Bellavia Shpp&Trad",1,0
"223","Belmont Shpp",1,0
"224","Belships FE Shpp",2,0
"225","Ben Line",1,0
"226","Ben/Domino",2,0
"227","Bend Shpp",1,0
"228","Bensaude&Co",1,0
"229","Bermuda Cont",1,0
"230","Bermuda Express",1,0
"231","Bernard Street",1,0
"232","Bernd Becker",3,0
"233","Bernice Shpp Ltd",1,0
"234","Berulan Reed",1,0
"235","Beutelrock",4,0
"236","Beuterock",1,0
"237","BHP",3,0
"238","BHT Pollux Shpp",1,0
"239","Bhum Natee",1,0
"240","Bigpros Marine",1,0
"241","Birdie Shpp Ltd",1,0
"242","Birdsall Shpp",4,0
"243","Birkdale Shpp",1,0
"244","Birte Ritscher",1,0
"245","Black King Shpp",1,0
"246","Black Star",4,0
"247","Blasco",39,0
"248","Bloomsland Ltd",1,0
"249","Blue Heron Shpp",1,0
"250","Blue Ocean",1,0
"251","Blue Shine Mar",1,0
"252","Blue Wave Shpp",1,0
"253","Bluebolt Mar",1,0
"254","Boka Ocean Shpp",2,0
"255","Bonita Shpp",1,0
"256","Boothia Mar Inc",1,0
"257","Boras Gemicilik",1,0
"258","Borgships",3,0
"259","Borgships Inc",1,0
"260","Borsa Shpp",1,0
"261","Borsha Shpp",1,0
"262","Bos Freeway Shpp",1,0
"263","Botelho Shpp",4,0
"264","Boxer 3",1,0
"265","BR Bengisson",1,0
"266","Braithwaite Shpp",1,0
"267","Brambles",1,0
"268","Brandaris Shpp",1,0
"269","Breant",1,0
"270","Bremerton Shpp",1,0
"271","Brent Shpp Inc",1,0
"272","Bresso Ltd",1,0
"273","Bridgewater GmbH",1,0
"274","Briese & Dette Schiff",1,0
"275","Briese & Luikenga",1,0
"276","Brighton Shpp",1,0
"277","Britannia",1,0
"278","Broadway Shpp",1,0
"279","Brompton",1,0
"280","Bronson Shpp",1,0
"281","Brostroms",1,0
"282","Brummer&Schulz",1,0
"283","Bruno Bischoff",1,0
"284","BSC",62,0
"285","BSL/Ellerman/Port",1,0
"286","BSL/Ellerman/Port Line",8,0
"287","Buckingham",1,0
"288","Bugsier",4,0
"289","Bulk Star Shpp",1,0
"290","Bulk Venture II",1,0
"291","Bulkship(Nigeria)",1,0
"292","Bulktrans",1,0
"293","Bunga Shpp",1,0
"294","Burnham Shpp",1,0
"295","Buss Schiff",1,0
"296","Buxmar Shpp",1,0
"297","C Beerens",1,0
"298","C Isabel",1,0
"299","C Rehder",1,0
"300","C Speck",1,0
"301","C Speek",1,0
"302","Cabio  Shpp",1,0
"303","Calixto Shpp",1,0
"304","Callisto",1,0
"305","Caltram",2,0
"306","Calypso",1,0
"307","Camellia Cont Carriers",2,0
"308","Camogra",3,0
"309","Camship",2,0
"310","Canisa",1,0
"311","Canmar",2,0
"312","Canopus Shipholding SA",1,0
"313","Cansand Shpp",1,0
"314","Canship Ltd",1,0
"315","Capewave Shpp Ltd",1,0
"316","Capstan Shpp",1,0
"317","Capt Eike",1,0
"318","Capt W Buck",1,0
"319","Captain Shpp",1,0
"320","Car Freighter SA",1,0
"321","Carbbean Princess Shpp",1,0
"322","Carbbean Queen Shpp",1,0
"323","Cargo Bay Mar",1,0
"324","Cargoship Maritime",1,0
"325","Carib Trader Corp",1,0
"326","Caribbean Bulk",3,0
"327","Carina",1,0
"328","Carina Carr",1,0
"329","Caroia Shpp Corp",1,0
"330","Carolina Int Shpp",1,0
"331","Carpenas Shpp",1,0
"332","Cascade Shpp Ltd",1,0
"333","Cassiopia Investment",3,0
"334","Castalia Shpp",1,0
"335","Casterbriage Nav",1,0
"336","Castle Moat Shpp",1,0
"337","Castor K/S",1,0
"338","Castor Shpp Pte Ltd",1,0
"339","Cat Shpp",1,0
"340","Catalina Shpp",1,0
"341","Cathedral Shpp",1,0
"342","CAVN",8,0
"343","CBTG",1,0
"344","CCNI",4,0
"345","CCT",3,0
"346","CD",1,0
"347","CD/CGM/DAL",2,0
"348","CE/Charente SS",1,0
"349","Celicia Shpp",1,0
"350","Celine Shpp Co",1,0
"351","Cenam Shpp",1,0
"352","Cenargo",7,0
"353","Centaurus",1,0
"354","Central American Tran",1,0
"355","Central Atlantic",1,0
"356","Central Field",1,0
"357","Central Gulf",5,0
"358","Centro Americ",2,0
"359","Centromoar",1,0
"360","Cerrahgil AS",1,0
"361","CF Ahrenkiel",1,0
"362","CFNR/Danser",1,0
"363","CGM",19,0
"364","CGM/Nedlloyd",2,0
"365","Chaiten Reefer",1,0
"366","Challenger Ltd",1,0
"367","Char Hsing",3,0
"368","Charente SS",1,0
"369","Charles Connell",1,0
"370","Chase Manhattan",1,0
"371","Cheng Lei",1,0
"372","Cheng Lie",1,0
"373","Chester Shpp",1,0
"374","Chieng Heng",2,0
"375","China Cont Express",1,0
"376","China Japan Ferry",1,0
"377","China Nanshan Devt",1,0
"378","China Nat Machinery",1,0
"379","China Nat Technical",1,0
"380","China Shekou",4,0
"381","Chinese Maritime",5,0
"382","Ching&Son Mar",2,0
"383","Chipolbrok",20,0
"384","Chippendale Shpp",1,0
"385","Cho Yang",9,0
"386","Choapa Reefer",1,0
"387","Choosen Shpp",1,0
"388","Chowgule",2,0
"389","Christina ApS",1,0
"390","Chu Kong",3,0
"391","Chun Kyung",2,0
"392","Cia Cordele SA",1,0
"393","Cia Maritima",1,0
"394","Cia Merzario",4,0
"395","Cia Nav Diego",1,0
"396","Cia Nav Michele",1,0
"397","Cia Nav Rafacia",1,0
"398","Cia Naviera Sandra",1,0
"399","Cia Naviera Stefania",1,0
"400","Cia Parma",2,0
"401","Cia Sarda",2,0
"402","Ciamar",2,0
"403","Cie Polynesienne",1,0
"404","Cis Siciliana Trasporti",1,0
"405","Citadel Shpp",1,0
"406","Citileasc Syndication",1,0
"407","Claes-G Haraldsson",1,0
"408","Clarke Transp",1,0
"409","Clipper Acc",1,0
"410","CMB",8,0
"411","CMB&Dalcobel",1,0
"412","CMN",2,0
"413","CMZ",4,0
"414","CN Paradiso",1,0
"415","CNCO",7,0
"416","CNN",2,0
"417","CNN/SNCDV",2,0
"418","CNP",1,0
"419","Coastal Carriers Corp",1,0
"420","Coastal Charter Holland",1,0
"421","Coastal Shpp",1,0
"422","Coastalmagic",1,0
"423","Coastalpride Shpp",1,0
"424","Cob Shpp Intl",1,0
"425","Cobelfret",4,0
"426","Cobenam",1,0
"427","Cobra Nav",1,0
"428","Coiba Shpp SA",1,0
"429","Colonial Marine",1,0
"430","Columbia",1,0
"431","Columbia Cont Barge",1,0
"432","Columbia Ship",1,0
"433","Columbia Shipmgmt",1,0
"434","Columbia Shp Mgmi",1,0
"435","Columbus Mar Lease",1,0
"436","Comanav",8,0
"437","Cominos Shpp",1,0
"438","Commodore",1,0
"439","Commodore Shpp",1,0
"440","Common Carrier Nav",1,0
"441","Common Trade Nav",1,0
"442","Comodal",1,0
"443","Companion Marine",1,0
"444","Conade",1,0
"445","Conaven",1,0
"446","Conbulkships(Bahamas)",3,0
"447","Concorde",1,0
"448","Concordia",1,0
"449","Concrete Star",1,0
"450","Condock",2,0
"451","Connecticut Nat Bank",6,0
"452","Conqueror Shpp SA",1,0
"453","Cont Rentals",1,0
"454","Cont Seeschiffahrt Schluter",1,0
"455","Contender I Ltd",1,0
"456","Contenemar",12,0
"457","Contennial Shpp",1,0
"458","Conti Britania",1,0
"459","Conti Container",1,0
"460","Conti Trailer Schiff",2,0
"461","Contimar",2,0
"462","Continent Mar",2,0
"463","Conto A/S",1,0
"464","Control Shpp",1,0
"465","Coral Sea Enterprise",1,0
"466","Corcel Naciera",1,0
"467","Cordoba Shpp",1,0
"468","Cormoran",2,0
"469","Cornflower",1,0
"470","Corona",1,0
"471","Coronada Schiff",1,0
"472","Cort Rahmann",1,0
"473","Cosco",12,0
"474","Cosco Dalian",3,0
"475","Cosco Guangzhou",44,0
"476","Cosco Jiangxi",1,0
"477","Cosco Shanghai",57,0
"478","Cosco Tianjin",41,0
"479","Cosco Zhejiang",2,0
"480","Cosmic Shpp&Trad",1,0
"481","Cosmopolitan",1,0
"482","Cosmos Line",2,0
"483","Cosmos Shpp&Trad",2,0
"484","Costa",1,0
"485","Costa Tropicana",2,0
"486","Costamare",1,0
"487","Cotunav",6,0
"488","CP Offen",8,0
"489","CPV",6,0
"490","Craigside Nav",1,0
"491","Crestwood Corp",1,0
"492","Crewe Shpp",1,0
"493","Crinoid Marine SA",1,0
"494","Cross Scas Shpp",1,0
"495","Cross Seas Shpp",4,0
"496","Crusader Swire",1,0
"497","Crystal Sea Carriers",1,0
"498","Crystal Sea Shpp",1,0
"499","CSAV",4,0
"500","CSC",6,0
"501","CTMR",1,0
"502","Cuamode Marino SA",1,0
"503","Cumberton SA",1,0
"504","Cunard Ellerman",4,0
"505","Curvel Transport",1,0
"506","Curvet Transport",3,0
"507","Cuxhaven",1,0
"508","CV Progress",1,0
"509","CV Prosperity",1,0
"510","d'Amico",6,0
"511","D-Shpp Ltd",1,0
"512","D Behrens",4,0
"513","D Olimann",1,0
"514","D Schiffahrts",1,0
"515","D Tamke",2,0
"516","Dace Mar",1,0
"517","Daeyang Shpp",2,0
"518","Daiki Kaiun",1,0
"519","DAL",1,0
"520","Dalian 2nd Marine",1,0
"521","Dalian Containership",1,0
"522","Dalian Marine Shpp",1,0
"523","Dammers & Van der Heide",1,0
"524","Dammers& Van der Heide",1,0
"525","Danaos Shpp",2,0
"526","Dania Line",1,0
"527","Dania Shpp Co",1,0
"528","Danica Continental",1,0
"529","Danser",1,0
"530","Danz&Tietjens",3,0
"531","Daphne Mar Co",1,0
"532","Darly Corp",1,0
"533","Dauelsberg",1,0
"534","Dauntless Shpp",1,0
"535","David Bluhm",1,0
"536","Deal Invest Corp",1,0
"537","Dec Maritime",1,0
"538","Defiance Shpp",1,0
"539","Del Monte",1,0
"540","Delaware Glory Shpp",1,0
"541","Delfimar SA",1,0
"542","Delray Shpp Corp",1,0
"543","Delships FE Shpp",1,0
"544","Demline Egypt",2,0
"545","Demline Lebanon",1,0
"546","Deneb",1,0
"547","Deneb Pte Ltd",1,0
"548","Denver Inc",1,0
"549","Derby Inc",1,0
"550","Derby Shpp SA",1,0
"551","Destrcza",1,0
"552","DFDS",5,0
"553","DFDS(Bahamas)",1,0
"554","DHR van der Ham",1,0
"555","Diamond Arrow",1,0
"556","Diamond Concord",1,0
"557","Dickens Shpp Corp",1,0
"558","Difko",3,0
"559","Dirca Shipholding",1,0
"560","DL",7,0
"561","DMK Leasing",4,0
"562","Dolores Schiff",1,0
"563","Dolton Nav Co",1,0
"564","Dong Young",2,0
"565","Donghwa",1,0
"566","Dongnama",3,0
"567","Dorinco",1,0
"568","Doris",1,0
"569","Downside Shpp Co",1,0
"570","Dragan Shpp",1,0
"571","Drake Maritime",1,0
"572","DSR",55,0
"573","Dubbelman",1,0
"574","Dulce Panama",1,0
"575","E Lohmann",1,0
"576","E Splendour/CMB",1,0
"577","E Summit/CMB",1,0
"578","E Winther",1,0
"579","E&E Reed",1,0
"580","EA-Shipping Lines",1,0
"581","EAC",4,0
"582","Eagle Express",1,0
"583","East Islands Shpp",1,0
"584","East Star",1,0
"585","Eastern",4,0
"586","Eastern Cont",1,0
"587","Eastern Jay Shpp",1,0
"588","Eastern Mar",1,0
"589","Eastern Oversea Corp",1,0
"590","Eastgate Shpp Corp",1,0
"591","Eckert Kg",1,0
"592","Edvardsson",1,0
"593","Eff Shpp",1,0
"594","EFF Shpp",1,0
"595","Effoa",1,0
"596","Efman Shpp",1,0
"597","Efnicos",1,0
"598","EGD Shpp(Liberia)",2,0
"599","Egda K/S",1,0
"600","Egon  Odendorff",1,0
"601","Egon Oldendorff(Lib)",2,0
"602","EH Roelfs",1,0
"603","Eimskip",5,0
"604","Einar Eidshaug",1,0
"605","EISC",4,0
"606","Eiwa Nav",1,0
"607","El Cope Shpp",1,0
"608","El Real Naviera",1,0
"609","Elbamar SA",1,0
"610","Elite",3,0
"611","Elk Leasing",1,0
"612","Elm Co",1,0
"613","Elma",32,0
"614","Elmar Shpp",1,0
"615","Elmini Lantern",1,0
"616","Elmini Lead",1,0
"617","Elmini Lizard",1,0
"618","Elmini Lunar",1,0
"619","Elmwood Venture Inc",1,0
"620","Elso Shpp",1,0
"621","Emadala",1,0
"622","Emas Shpp",1,0
"623","Emden Shpp",1,0
"624","Emetha  Reed",1,0
"625","Emp Continental de Nav",1,0
"626","Empire Blue Shpp",1,0
"627","Empire Mar",1,0
"628","Empros",1,0
"629","ENC",10,0
"630","Engstroms",1,0
"631","Enif Shpp",1,0
"632","ENS",4,0
"633","Epoca Maritima SA",2,0
"634","Epping Marine",1,0
"635","Ereilla",1,0
"636","Erma Nav",1,0
"637","Ernst Russ",1,0
"638","Escoba Nav",1,0
"639","Espanoles",1,0
"640","Estetrader",1,0
"641","Estonian",1,0
"642","Estonian Marine",1,0
"643","Estonian Shpp",9,0
"644","Eternal Line SA",1,0
"645","Ethiopian",8,0
"646","Euro-Orient Shpp",1,0
"647","Eurobarge",1,0
"648","Eurofioss Shpp",1,0
"649","Euroflot",1,0
"650","Euroflot SA",1,0
"651","European Cont Srv",1,0
"652","European Mgmt",1,0
"653","European Nav",2,0
"654","Euroship Assoc",1,0
"655","Eurotainer Shipowners",1,0
"656","Euston Shpp",1,0
"657","Everbetter",1,0
"658","Everbreeze",1,0
"659","Everbridge",1,0
"660","Everett Orient",1,0
"661","Evergarland",1,0
"662","Evergiant",1,0
"663","Evergiven",1,0
"664","Everglamour",1,0
"665","Everglobe",1,0
"666","Everglory",1,0
"667","Evergoing",1,0
"668","Evergrace",1,0
"669","Evergrade",1,0
"670","Evergrand",1,0
"671","Evergreen",32,0
"672","Evergreet",1,0
"673","Evergroup",1,0
"674","Everguard",1,0
"675","Everguide",1,0
"676","Everlinking",1,0
"677","Everloading",1,0
"678","Exploit Dordrecht CV",1,0
"679","Exxtor Group",1,0
"680","F Buss",1,0
"681","F Buss Schiffahrts",1,0
"682","F Frommann",1,0
"683","F Laeisz",2,0
"684","F Shpp",1,0
"685","FA Vinnen",3,0
"686","FABC",2,0
"687","Fabulous Shpp Corp",1,0
"688","Fafalios Shpp",1,0
"689","Fair Wind Nav",1,0
"690","Fairgate Shpp",1,0
"691","Fairy Shpp",1,0
"692","Falcon Shpp",1,0
"693","Family Shpp",2,0
"694","Far East Navee Int",1,0
"695","Fareastfaith Nav",1,0
"696","Farrell",3,0
"697","Fastsailing Mar",1,0
"698","Faygo SS",1,0
"699","Feather River Mar",1,0
"700","Federal Pacific",4,0
"701","Federal Pacific(Liberia)",1,0
"702","Fender Mar",1,0
"703","Fenway Mar",1,0
"704","Fesco",64,0
"705","FG-Shpp",3,0
"706","FG Shpp",1,0
"707","Field Investment Ltd",1,0
"708","Fiji Govt",1,0
"709","Filothei Shpp",1,0
"710","Finarma Srl",1,0
"711","Finncarriers",1,0
"712","Finska Angfayzts",1,0
"713","Firma SAL",1,0
"714","Firrna SAL",1,0
"715","First Interstate Bank",1,0
"716","Flanders Nav",1,0
"717","Flen Maritime Corp",1,0
"718","Flensburger",2,0
"719","Florida Star Corp",1,0
"720","Floridita Shpp",1,0
"721","Folga Shpp",1,0
"722","Frankolyn Shpp",1,0
"723","Fred Olsen",1,0
"724","Freeboard Shpp",1,0
"725","Freesia Heinz",1,0
"726","Fremo Nova Shpp",1,0
"727","Frenave Transportes",1,0
"728","French Polish",4,0
"729","Friedhelm Dede",2,0
"730","Frigg Shipping Ltd",1,0
"731","Frigo Lines SA",1,0
"732","Frisian Shiptrade BV",1,0
"733","Frisian Shpp BV",1,0
"734","Frota Oceanica",5,0
"735","Fu Yuan Co SA",1,0
"736","Fugue Shpp",1,0
"737","Fujibulk Ltd",1,0
"738","Fujiyama Shpp",1,0
"739","Fuldatal",1,0
"740","Full Star Shpp Inc",1,0
"741","Fuyo(Liberia)",1,0
"742","FW",1,0
"743","G  Oltmann",1,0
"744","G Bartels",2,0
"745","G Erikson",1,0
"746","G Graebe",1,0
"747","G Koppelmann",3,0
"748","G Litmeyer",1,0
"749","G Oltmann",1,0
"750","G Person",1,0
"751","G Petersen",1,0
"752","G Peterson",1,0
"753","G Rahmann",1,0
"754","G Schepers",1,0
"755","G Wessels",1,0
"756","G&U Bereederungs",1,0
"757","G&U Reed",2,0
"758","Gabriele Wehr",1,0
"759","Gaddrag",1,0
"760","Gainset Shpp",1,0
"761","Gainvir Trans",1,0
"762","Gainvir Transport",1,0
"763","Galaxy Wind Mar",1,0
"764","Galtram",2,0
"765","Galway Co",1,0
"766","Ganton Shpp",1,0
"767","Garbo Shpp Corp",1,0
"768","Garcia-Minaur",9,0
"769","Garda Marine Inc",1,0
"770","Gasson Shpp Corp",1,0
"771","Gateway Shpp",1,0
"772","Gatz Leasing",4,0
"773","Gavia Int Shpp",1,0
"774","Gber Eckert",1,0
"775","Gcorg Peterson",1,0
"776","Gebr Mimietz",1,0
"777","Gebr Person",1,0
"778","Gebr Peterson",1,0
"779","Gemma Shpp Pte Ltd",1,0
"780","Genishipping Corp",2,0
"781","Genshipping Corp",2,0
"782","Gerd Ritscher",1,0
"783","Gerd Schepers",1,0
"784","Gerrard Mgmt",1,0
"785","Gert R Boese",1,0
"786","Gesuri Lloyd",1,0
"787","Gimtui Shpp",1,0
"788","Ginza Intl Corp",1,0
"789","Global Crimson",1,0
"790","Global Marine Lines",1,0
"791","Global Trade&Transport",1,0
"792","Globe Carriers SA",2,0
"793","Gloria Mar",1,0
"794","Glory Ace Shpp",1,0
"795","Glory Maritime",1,0
"796","GNMTC",9,0
"797","Golden Circles",1,0
"798","Golden Diamond",1,0
"799","Golden Island Shpp",1,0
"800","Golden Pagada",1,0
"801","Golden Pioneer Shpp",5,0
"802","Goleden Union",1,0
"803","Golfland SA",1,0
"804","Good Explorer Mar",1,0
"805","Good Hope Nav",1,0
"806","Good Leader Mar",1,0
"807","Good View Shpp",1,0
"808","Goodview Nav",1,0
"809","Gorham Shpp",1,0
"810","Gorthons",6,0
"811","Gotland Shpp",1,0
"812","Govt Iraq",1,0
"813","Grace Maritime",2,0
"814","Grafford Shpp",1,0
"815","Grancolombiana",16,0
"816","Grand Wing",1,0
"817","Great Apollon",1,0
"818","Great Eastern",3,0
"819","Great Pacific",2,0
"820","Grecia Shpp",1,0
"821","Greek Regular Lines",3,0
"822","Greybirch SA",1,0
"823","Griffin Mar",1,0
"824","Grimaldi",3,0
"825","Groden Schiff",1,0
"826","Gt Concert",1,0
"827","Gt Universe",1,0
"828","Guadalmar Shpp",1,0
"829","Guiscan Partners",1,0
"830","Gulf Maritime",1,0
"831","H  Funck",1,0
"832","H Bastian",1,0
"833","H Baumgarten",1,0
"834","H Brunckhorst",1,0
"835","H Buss",3,0
"836","H Clarkson",2,0
"837","H Corleis",1,0
"838","H Dauclsberg(Sing)",1,0
"839","H Drewes",1,0
"840","H Dsuclsberg (Sing)",1,0
"841","H Engelbreecht",1,0
"842","H Funck",1,0
"843","H Gehrckens",1,0
"844","H Gerdau",1,0
"845","H Herman",1,0
"846","H Husmann",1,0
"847","H Jansen",1,0
"848","H Kiepc",1,0
"849","H Kohirausch",1,0
"850","H Leistikow",1,0
"851","H Litmeyer",1,0
"852","H Lohmann",2,0
"853","H Nagel",1,0
"854","H Nitschke",1,0
"855","H Osterwisch",1,0
"856","H Peterson",1,0
"857","H Rolf",1,0
"858","H Schepers",1,0
"859","H Schiffahrts",1,0
"860","H Schuldt",3,0
"861","H Shpp",2,0
"862","H Stahl",2,0
"863","H Stinnes",1,0
"864","H Striesow",1,0
"865","H Szidat",1,0
"866","H Thielemann",1,0
"867","H Winter",6,0
"868","H Wolter",1,0
"869","H Wuff",1,0
"870","H Wulf",1,0
"871","H Wulff",3,0
"872","Hai Hua Shpp",1,0
"873","Hai Ying Shpp",1,0
"874","Hake Shpp",1,0
"875","Halcoussis",1,0
"876","Half Moon Shpp",2,0
"877","Hallsta Line Line",1,0
"878","Halo Nav",1,0
"879","Hamburg-Sud",13,0
"880","Hammersmith Shipholdings",1,0
"881","Hanjin",14,0
"882","Hanlim Shpp",3,0
"883","Hans Eckhoff",2,0
"884","Hans H Knueppel",1,0
"885","Hans Langh",1,0
"886","Hans Schirren",2,0
"887","Hans vos Schiff",1,0
"888","Hansa Bulk",1,0
"889","Hansa Linie",1,0
"890","Hansa Lubeck A/S",1,0
"891","Hansa Riga A/S",1,0
"892","Hanse Bereed",1,0
"893","Hapag-Lloyd",15,0
"894","Hapag-Lloyd Int",5,0
"895","Hariz Tankers",1,0
"896","Harmony Shpp",1,0
"897","Harrison",1,0
"898","Hartford Nat Bnk",1,0
"899","Hartlane Ltd",1,0
"900","Hartman Schiff",1,0
"901","Haverton",4,0
"902","Hazelwood Shpp",1,0
"903","Hazlewood Shpp",1,0
"904","Heidhoff",1,0
"905","Heinrich S",1,0
"906","Helena Shpp",1,0
"907","Helmut Delger",1,0
"908","Helmut Hermann",1,0
"909","Helmut Lohmann",1,0
"910","Helois Investment",1,0
"911","Helston Shpp",1,0
"912","Hemisphere Shpp",1,0
"913","Henkel Nav",1,0
"914","Hermann Buss",1,0
"915","Hersing Shpp",1,0
"916","Herwang Shpp",1,0
"917","Heung-A",10,0
"918","Hibiscus Shpp",1,0
"919","Highlight Nav SA",3,0
"920","Highness Mar",3,0
"921","Hikari Kisen",1,0
"922","Hipermodal",1,0
"923","Hitorio Shpp",1,0
"924","HM Shipping",1,0
"925","Hoegh",4,0
"926","Hoegh Banniere",1,0
"927","Hoegh Cairn",1,0
"928","Hoegh Clipper",1,0
"929","Hoginaut Intl",1,0
"930","Hok Line Pte",1,0
"931","Hollwede",1,0
"932","Holsatia Shpp",2,0
"933","Holsatia Shpp Corp",2,0
"934","Holstenbek",1,0
"935","Holwerda Scheep",1,0
"936","Holwerda Scheeps",1,0
"937","Holy Lotus Marine",1,0
"938","Honaker Shpp Co",1,0
"939","Hongkong SS Co",1,0
"940","Horda Shpp Pte",1,0
"941","Horie Senpaku",1,0
"942","Horn",1,0
"943","Hosea Ltd",1,0
"944","Houtmangracht",1,0
"945","Hoyo Kaiun KK",2,0
"946","Hoyu  Venture",1,0
"947","HSH Norasia",2,0
"948","Hua Tung Mar",1,0
"949","Huangpu Maritime Carriers",1,0
"950","Hudston",1,0
"951","Hunter Shpp",1,0
"952","HW Janssen",2,0
"953","Hyundai",12,0
"954","I/S Gruunvaag",1,0
"955","Ibercargo",3,0
"956","Icaland SS",1,0
"957","Igloo Shpp Lines",1,0
"958","Imar",2,0
"959","Impetus Shpp",1,0
"960","India SS",2,0
"961","Indian Ocean Shpp Co",1,0
"962","Indo Govt",1,0
"963","Indrati Lines",1,0
"964","Industrial&Shpp Co",1,0
"965","Inge A Aune",1,0
"966","Inmobiliara Pan Agrupada",2,0
"967","Inn",1,0
"968","Innova Ltd",1,0
"969","Int Conglomerate Mar",1,0
"970","Int Freighting Corp",1,0
"971","Interceptor Mar",5,0
"972","Interceptor Marine",1,0
"973","International Shpp",1,0
"974","Intertrans",1,0
"975","Intrepid Shpp Corp",1,0
"976","Inversiones Navios Pacifico",1,0
"977","Iraqi State",4,0
"978","Iredale Trading",2,0
"979","Irini Maritime",1,0
"980","IRISL",8,0
"981","Iscomar",2,0
"982","Islamic Devt Bank",2,0
"983","Island Shipp",1,0
"984","Istraplov",3,0
"985","Italia",5,0
"986","Itoh&Co",3,0
"987","Ivaran",3,0
"988","Ivaran GmbH",1,0
"989","J Burke Shpp",1,0
"990","J Claussen",1,0
"991","J Fisher",3,0
"992","J Frommann",1,0
"993","J Heeren",3,0
"994","J Ludwig Mowinckels",2,0
"995","J Luhrs",1,0
"996","J Petersen",2,0
"997","J Thode",1,0
"998","J van Veen",1,0
"999","J Winter",1,0
"1000","JA Reinecke",1,0
"1001","Jadroplov",11,0
"1002","Jaguar Lines",1,0
"1003","Jan Kahrs",1,0
"1004","Janeiro Ltd",1,0
"1005","Janet Nav",1,0
"1006","Japri Mar Transport",1,0
"1007","Jardines",1,0
"1008","Jasper Park Shpp",1,0
"1009","Jayel Shpp",1,0
"1010","JC Goumas",1,0
"1011","JE Ahrens",1,0
"1012","Jean Shpp Ltd",1,0
"1013","Jefferson Mar",1,0
"1014","Jenhol Lines",1,0
"1015","JG Goumas",1,0
"1016","Johan Shpp",3,0
"1017","Johann Heeren",1,0
"1018","Johannes Ick",1,0
"1019","John Bluhm",1,0
"1020","Johnson",2,0
"1021","Jonn Shpp",1,0
"1022","Jonny Petersen",1,0
"1023","Joon Shpp",1,0
"1024","Joon Shpp & Trad",1,0
"1025","Joon Shpp&Trad",1,0
"1026","Jorg Kopping",1,0
"1027","Joyheart Co Ltd",1,0
"1028","JP Schlueter",1,0
"1029","JP Schluter",1,0
"1030","Jubilee Shpp",1,0
"1031","Jubilee Shpp Corp",1,0
"1032","Jugolinija",23,0
"1033","Jugooceania",1,0
"1034","Jugooceanija",6,0
"1035","Julmar Shpp Corp",1,0
"1036","JUM Utvikling",1,0
"1037","Jungerhans",1,0
"1038","Juniper Nav",1,0
"1039","Juniper Shpp",1,0
"1040","Jurong",2,0
"1041","Jutha",4,0
"1042","Jutta R",1,0
"1043","Jyske Bank",2,0
"1044","K-Line",10,0
"1045","K-Line/NYK",1,0
"1046","K Heinrich",1,0
"1047","K Larsen",8,0
"1048","K leinwort Benson",1,0
"1049","K Siebert",1,0
"1050","K/S A/S Aaby Forest II",1,0
"1051","K/S A/S Billabong",1,0
"1052","K/S Arrow Bulk",2,0
"1053","K/S Arrow Bulk X",1,0
"1054","K/S Cupid A/S",1,0
"1055","K/S Dieppe",1,0
"1056","K/S Difko I",1,0
"1057","K/S Difko II",1,0
"1058","K/S Elhu Shpp",1,0
"1059","K/S Geranta",1,0
"1060","K/S Gerona",1,0
"1061","K/S Gudrun Danielsen",1,0
"1062","K/S Hansa Bulk 7",1,0
"1063","K/S Mathilde",1,0
"1064","K/S Merc Scandia",2,0
"1065","K/S Mostween",1,0
"1066","K/S Mostween 6",1,0
"1067","K/S Nord-Poolen A/S",1,0
"1068","K/S Para  Merchant",1,0
"1069","K/S Para  Trader",1,0
"1070","K/SA/S Bulk Venture",1,0
"1071","KA A/S Arrow&Co",1,0
"1072","Kahler & Sohne",1,0
"1073","Kaila Shpp Corp",1,0
"1074","Kale",1,0
"1075","Kaltem Shpp",1,0
"1076","Kambara Kisen KK",1,0
"1077","Kaprifol Shpp",1,0
"1078","Karakoram Maritima SA",1,0
"1079","Karamala",1,0
"1080","Karana",2,0
"1081","Karl-Heinz Zalewski",1,0
"1082","Kashin Senpaku",1,0
"1083","Kasono Shpp",1,0
"1084","Kastalia",1,0
"1085","Katania Shpp",1,0
"1086","Katrine A/S",1,0
"1087","Kattrepel Schiff",1,0
"1088","Keiei Mar",1,0
"1089","Keighley  Shpp",1,0
"1090","Kellang Shpp",1,0
"1091","Kenmare Shpp Ltd",1,0
"1092","Kensington Services",1,0
"1093","Kent E Nordgren",1,0
"1094","KH Baase",1,0
"1095","KH Danz",2,0
"1096","Kien Hung",1,0
"1097","Kihlberg",1,0
"1098","Kihlinvest",1,0
"1099","King Ocean de Venezuela",2,0
"1100","Kingfisher SA",1,0
"1101","Kingfisher Shpp",1,0
"1102","Kingston Maritime  Corp",1,0
"1103","Kingstown Maritime  Corp",1,0
"1104","Klaus Jurgens",1,0
"1105","Klaus Mink",1,0
"1106","KLC",1,0
"1107","KMTC",4,0
"1108","KNSM",1,0
"1109","KNSM Kroonburgh",1,0
"1110","Knud Larsen",1,0
"1111","Kogel&Roth",1,0
"1112","Kommar",1,0
"1113","Kotobuki Kaiun",1,0
"1114","Kotoku Kaiun",1,0
"1115","Kraft Line",1,0
"1116","Kriship Shpp",2,0
"1117","Kryss Ltd",1,0
"1118","KS A/S Arrow",1,0
"1119","Kudu Enterprise SA",1,0
"1120","Kuwait Mar Tran",1,0
"1121","Kuwait Mar Transport",1,0
"1122","Kyklamar",1,0
"1123","Kythiramare Shpp",1,0
"1124","L Dreyfus",6,0
"1125","L Lauritsen",1,0
"1126","L Martin& Cie",1,0
"1127","L&M Shpp",2,0
"1128","La Plaix Maritime",1,0
"1129","Ladybird Mar",1,0
"1130","Lalkada Nav",1,0
"1131","Lamport & Holt",1,0
"1132","Lamport&Holt",1,0
"1133","Landmark Tran",2,0
"1134","Largish Shpp",1,0
"1135","Larkfield Shpp",1,0
"1136","Laser Lines",1,0
"1137","Lash Carriers",1,0
"1138","Lash Carriers Inc",1,0
"1139","Latvian",10,0
"1140","Laurel Compania",3,0
"1141","Lavern Shpp",1,0
"1142","LB",19,0
"1143","Leic Eriksson Inc",1,0
"1144","Leonhardt&Blumberg",6,0
"1145","Leum Coyman",1,0
"1146","Lian Huat Shpp",1,0
"1147","Libertad Soc de Carga",1,0
"1148","Libra Carrires",1,0
"1149","Libra Mar Devt",1,0
"1150","Lifedream",1,0
"1151","Lilienthaler",1,0
"1152","Lin Brasileiras",2,0
"1153","Lin Mar Herperides",1,0
"1154","Lina Shpp  Ltd",1,0
"1155","Linabol",1,0
"1156","Linaki Ltd",1,0
"1157","Linda Buck",1,0
"1158","Liner Ships Oy",1,0
"1159","Links Transportation",1,0
"1160","lino /Navix",1,0
"1161","lino/Navix",2,0
"1162","Lircay Shpp",1,0
"1163","Logistee Corp",1,0
"1164","Lolisa",3,0
"1165","Long Sheng Nav",2,0
"1166","Longitude Transport Co",1,0
"1167","Lorenzo",3,0
"1168","Lorica Shpp",1,0
"1169","Lornbard Mar",1,0
"1170","Lorraine Shpp",2,0
"1171","Losinjska Plov",3,0
"1172","Losinjska Plovidba",1,0
"1173","Lotus Shpp",1,0
"1174","Lowden Nav",1,0
"1175","LT",8,0
"1176","Luck&Benefit",1,0
"1177","Luckyscope Shpp",1,0
"1178","Lucrative Shpp Inc",1,0
"1179","Ludwig J Rass",1,0
"1180","Lufeng Shpp",1,0
"1181","Lunstedt",1,0
"1182","Lure Shpp",1,0
"1183","Lux Expressway",1,0
"1184","Lux Hellenic Shpp",1,0
"1185","Lux Lily",1,0
"1186","Lux Rose",1,0
"1187","Lykes",22,0
"1188","Lys",1,0
"1189","Lys-Point",1,0
"1190","M Spalcck",1,0
"1191","M Spaleck",2,0
"1192","M Walter",1,0
"1193","M&M Mgmi",1,0
"1194","MAC",1,0
"1195","Madeline Shpp",1,0
"1196","Madrigal Shpp",1,0
"1197","Madrigal SS",1,0
"1198","Maersk",8,0
"1199","Maersk Co",1,0
"1200","Maersk UK",1,0
"1201","Maersk(Sing)",1,0
"1202","Maersk(Singapore)",1,0
"1203","Magic Shpp",1,0
"1204","Main Corp",1,0
"1205","Majestic Marine",1,0
"1206","Malagasy Govt",1,0
"1207","Malaysia Shpp",2,0
"1208","Malcolm Shpp",1,0
"1209","Malgache",1,0
"1210","Mambisa",21,0
"1211","Mamooet HL",1,0
"1212","Manbisa",1,0
"1213","Mandala KG",1,0
"1214","Manoimare Shpp",1,0
"1215","Manor Shpp Co",1,0
"1216","Mantica",3,0
"1217","Mantica Holdings Inc",1,0
"1218","Mar Arroyofrio",2,0
"1219","Mar de Infinidad",1,0
"1220","Mar Isia de Pascua",1,0
"1221","Maragua",3,0
"1222","Marathouda",1,0
"1223","Marayura Nav",1,0
"1224","Marcon Bereed",1,0
"1225","Marfret",1,0
"1226","Margis Shpp",1,0
"1227","Margol Overseas Inc",1,0
"1228","Mariago",1,0
"1229","Mariato Shpp SA",1,0
"1230","Mariborough Shpp",2,0
"1231","Marilia Shpp",1,0
"1232","Marine Atlantic",1,0
"1233","Marine Brigade SA",1,0
"1234","Marine Investments Ltd",1,0
"1235","Marine Ro-Ro Feeder",1,0
"1236","Marine Ro Ro Feeder",1,0
"1237","Mario Shpp",1,0
"1238","Maritima Acamar",1,0
"1239","Maritima Orient",1,0
"1240","Maritime Acamar",1,0
"1241","Maritime Srvs Aleuropa",1,0
"1242","Marittima Fluvial",1,0
"1243","Marland Shpp",1,0
"1244","Mars Nav",1,0
"1245","Martini GmbH",1,0
"1246","Maruba",1,0
"1247","Maruten Kisen",1,0
"1248","Maryland Ship Inc",1,0
"1249","Matanzas Shpp",1,0
"1250","Mathias Reed",1,0
"1251","Mathilda Mar&Clivia Shpp",1,0
"1252","Matra Shpp",1,0
"1253","Matson",8,0
"1254","MB Shpp Corp",1,0
"1255","MC Shpp",8,0
"1256","McAllister",6,0
"1257","MCP",3,0
"1258","Meadway Mar Co",1,0
"1259","Med-Lines",1,0
"1260","Mediteranska Plovidba",1,0
"1261","Medro",4,0
"1262","Medship Ltd",2,0
"1263","Medwood Co",1,0
"1264","Meladon Shpp",1,0
"1265","Melanesia",2,0
"1266","Melanesia Lines",1,0
"1267","Melgar Bay Shpp SA",1,0
"1268","Melissa Investment",1,0
"1269","Melrose Shpp Co",1,0
"1270","Melway Bay Shpp",1,0
"1271","Mendana Mar",1,0
"1272","Mercandia",10,0
"1273","Mercandian",6,0
"1274","Mercur Flensburger",1,0
"1275","Mercury Shpp",3,0
"1276","Mercury Shpp Co",2,0
"1277","Mereworth Corp",1,0
"1278","Merkur Lake Shpp",1,0
"1279","Merkur Shpp",3,0
"1280","Mermaid",1,0
"1281","Messina",14,0
"1282","Meteor Shpp",1,0
"1283","Mid-Adriatic Shpp",2,0
"1284","Mid-Sea Cont",1,0
"1285","Mid Adriatic Shpp &Trad",1,0
"1286","Mid Adriatic Shpp&Trad",1,0
"1287","Midsummer Maritime",1,0
"1288","Mild Line SA",1,0
"1289","Mild Ocean",1,0
"1290","Milie Shpp SA",1,0
"1291","Millaisa Shpp Corp",1,0
"1292","Minastar Shpp",1,0
"1293","Minastar Shpp Corp",1,0
"1294","Minerton Ltd",1,0
"1295","Minos Nav",1,0
"1296","Misc",14,0
"1297","Misida Sea Co",1,0
"1298","MISR",2,0
"1299","Mito Inc",1,0
"1300","Mizushima Shoun",1,0
"1301","Mode Shpp",1,0
"1302","MOL",13,0
"1303","MOL Eurp-Orient  Shpp",1,0
"1304","MOL/Baba Daiko",1,0
"1305","MOL/Inui Kisen",1,0
"1306","MOL/Navix",1,0
"1307","MOL/Navix/NYK",1,0
"1308","MOL/Nippon&Sawayama",1,0
"1309","Molda Shpp",1,0
"1310","MON Lines",1,0
"1311","Monsoon Current  Shpp",1,0
"1312","Monte Shpp Inc",2,0
"1313","Montemar",2,0
"1314","Montevardia Shpp",1,0
"1315","Moon Keung Shpp",1,0
"1316","Moorender Schiff",1,0
"1317","Moorlight Inc",1,0
"1318","Moorshead Marine",1,0
"1319","Moosc  Investment",1,0
"1320","Moose Investment",2,0
"1321","Moose Invetment",1,0
"1322","Moran",1,0
"1323","Morbihannaise",1,0
"1324","Moreen Shpp",1,0
"1325","Morgan Guaranty",2,0
"1326","Morning Breeze",1,0
"1327","Morning Grace",1,0
"1328","Mort&Lang",2,0
"1329","Mortimer Nav",1,0
"1330","Mosvolds Rederei",1,0
"1331","Motorschip Af Express",1,0
"1332","Mount Valadon Shpp",1,0
"1333","MS Koralle",1,0
"1334","MS Polaris KG",1,0
"1335","Mulpha Tampin Marine",1,0
"1336","Multi-Carriers",1,0
"1337","Multi-Purpose",1,0
"1338","Multi-Purpose Shpp",1,0
"1339","Multi Purpose Devt",1,0
"1340","Murmansk",16,0
"1341","Murrayfield Shpp",2,0
"1342","Mustang Carriers",1,0
"1343","Mutualista Acoreana",1,0
"1344","Myanma 5  Star",1,0
"1345","Myanma 5 Star",5,0
"1346","N River Overseas",1,0
"1347","Naber Reed",1,0
"1348","Naciicon",1,0
"1349","Naka Navigation",1,0
"1350","Nakano Kisen",1,0
"1351","Nam Sung",3,0
"1352","Namejord Shpp",1,0
"1353","Nantai",2,0
"1354","Narrator Marine",1,0
"1355","NARSA",2,0
"1356","Narvrom",4,0
"1357","Nat  Fleet Devt  Corp",1,0
"1358","Nat Dev Corp",3,0
"1359","Nat Reunion Cia",1,0
"1360","Nauru Govt",1,0
"1361","Nautic Shpp Ltd",1,0
"1362","Nautica Menorquina",1,0
"1363","Nav Americana Vapores",2,0
"1364","Nav Aniello",1,0
"1365","Nav Astur",1,0
"1366","Nav Castellana",1,0
"1367","Nav d' Arosa",1,0
"1368","Nav del Nuevo Sur SA",1,0
"1369","Nav del Odiel",2,0
"1370","Nav Emilia",1,0
"1371","Nav Euromar",1,0
"1372","Nav Fama SA",1,0
"1373","Nav Franccsca",1,0
"1374","Nav Guadizro SA",1,0
"1375","Nav Ilaria",1,0
"1376","Nav Lauro",1,0
"1377","Nav Pacifico",2,0
"1378","Nav Philippa",1,0
"1379","Nav Prego",2,0
"1380","Nav Shaula",1,0
"1381","Nav Telde",1,0
"1382","Nav Trans Oriental",1,0
"1383","Nav Valeria",1,0
"1384","Nav Vasco-Catalana",2,0
"1385","Navale Tran Vinicoles",1,0
"1386","Navconia",1,0
"1387","Navibulgar",8,0
"1388","Navicana",1,0
"1389","Navicon",1,0
"1390","Navicon SA",1,0
"1391","Navigator Maritime Ine",1,0
"1392","Navitalia Sri",1,0
"1393","Navitrade",1,0
"1394","Navix/Iino",1,0
"1395","Navrom",71,0
"1396","Nazasca Ltd",1,0
"1397","Nedlloyd",42,0
"1398","Nedlloyd/P&O Containers",2,0
"1399","Negros",1,0
"1400","Nemo Nav",1,0
"1401","Neptun Ursa",1,0
"1402","Neptune Aquilla Shpp",1,0
"1403","Neptune Delphinus Shpp",1,0
"1404","Neptune Dorado Shpp",1,0
"1405","Neptune Express Inc",2,0
"1406","Neptune Virgo Shpp",1,0
"1407","Nessfell Ltd",1,0
"1408","Nesskip",1,0
"1409","Neste oy",1,0
"1410","Netcon BV",2,0
"1411","Netumar",7,0
"1412","New Boudary",1,0
"1413","New Dawn Shpp",1,0
"1414","New Hai Teng Shpp",1,0
"1415","New Oasis Shpp",1,0
"1416","New Southseas",1,0
"1417","New Spirit Partners",1,0
"1418","New World Int",1,0
"1419","New World Shpp",1,0
"1420","New Yorker Shpp Co",1,0
"1421","Neways Transport Corp",1,0
"1422","Newton Int Enterprise",1,0
"1423","NG Shipmgmt",1,0
"1424","NG Shpp",1,0
"1425","Nichiei Unyu",1,0
"1426","Nichiman",1,0
"1427","NIDC",1,0
"1428","Nigerbras",1,0
"1429","Nikos IISA",1,0
"1430","Nippon Senpaku",1,0
"1431","NISA",2,0
"1432","Nissan",2,0
"1433","NLS Shipowners",3,0
"1434","NNSL",14,0
"1435","Noble Shpp SA",1,0
"1436","NOL",8,0
"1437","Nomura Merchant",1,0
"1438","Noordkaap NV",1,0
"1439","Nor Cargo",2,0
"1440","Norasia Schiff",2,0
"1441","Norcapc Shpp",1,0
"1442","Nord-Poolen",1,0
"1443","Nordbay",1,0
"1444","Nordehamer Bereed",1,0
"1445","Nordenhamer Berced",1,0
"1446","Nordenhamer Bereed",2,0
"1447","Nordheide",1,0
"1448","Nordia Lica Bereed",1,0
"1449","Nordkap Shpp",2,0
"1450","Nordland Schiff",1,0
"1451","Nordlund Shipping",1,0
"1452","Nordsjofrakt",3,0
"1453","Nordstijernan",1,0
"1454","Nordsund Shpp",1,0
"1455","Nordwelle",1,0
"1456","Nordwind",1,0
"1457","Nordwoge",1,0
"1458","Norfolk Line",1,0
"1459","Norris Shpp",1,0
"1460","Norsea Shpp",1,0
"1461","North Bay Shpp",1,0
"1462","North Empress Shppmgmt",2,0
"1463","North West Line Ltd",1,0
"1464","Northern Eagle Partners",1,0
"1465","Northern Shpp",7,0
"1466","Northland",3,0
"1467","Nortween",1,0
"1468","Nouvelle Cie de Nav",1,0
"1469","Novashire Shpp",1,0
"1470","Novelda SA",1,0
"1471","NSB Shpp",11,0
"1472","NSCSA",6,0
"1473","NSF",2,0
"1474","NT Shpp",2,0
"1475","Nuvamar SA",2,0
"1476","NV Africargo",1,0
"1477","NYK",11,0
"1478","NYK Antares Shpp",1,0
"1479","NYK Marinera Shpp",1,0
"1480","NYK Med Shpp",1,0
"1481","O Schepers",1,0
"1482","O Slokker BV",1,0
"1483","O Wehr",3,0
"1484","Oak Shpp Ltd",1,0
"1485","Oakson Trading",1,0
"1486","Ocean Fleet Corp",1,0
"1487","Ocean Harmony",1,0
"1488","Ocean Neptune Nav",1,0
"1489","Ocean Nymph Shpp",1,0
"1490","Ocean Tramping",1,0
"1491","Oceaname Shpp",1,0
"1492","OceanChampion Shpp & Trad",1,0
"1493","Oceandoue Shpp",1,0
"1494","Oceanic Star",1,0
"1495","Oceano Estrella",1,0
"1496","Octagon Maritime",1,0
"1497","Octavia Shpp & Trad",1,0
"1498","Octavian Maritime",1,0
"1499","Odyssey Shipholding",1,0
"1500","Odyssy Mar",1,0
"1501","Ofer Sons Invest",2,0
"1502","Offshore Investment",1,0
"1503","Ogatrans",1,0
"1504","Ogive Ltd",1,0
"1505","OK Shpp(Pte)Ltd",1,0
"1506","Olympia Shipholding",1,0
"1507","Olympic Carriers",1,0
"1508","Oownside Shpp Co",1,0
"1509","Opc Investment",2,0
"1510","OPDR",6,0
"1511","Oporto Shpp",1,0
"1512","Orange Container Carrier",3,0
"1513","Orick Ltd",1,0
"1514","Orient Castle SA",1,0
"1515","Orient Cont 1",1,0
"1516","Orient Cont 2",1,0
"1517","Orient Cont 3",1,0
"1518","Orient Cont 4",1,0
"1519","Orient Cont 5",1,0
"1520","Orient Express",2,0
"1521","Oriman Shpp Corp",1,0
"1522","Orion Shipholding",1,0
"1523","Orion Venus",1,0
"1524","Orlanda  Reed",1,0
"1525","Ormilion Shpp Corp",1,0
"1526","Oruluk Mar",1,0
"1527","Osaka Senpaku",1,0
"1528","Osaka Shosen Mitsui",1,0
"1529","Oskar Wehr",1,0
"1530","Osterheide",1,0
"1531","Osterwisch",1,0
"1532","Otaka Kaiun",1,0
"1533","Otto Albers",1,0
"1534","Otto Danielsen",1,0
"1535","Oulu",3,0
"1536","Oulu Shpp",1,0
"1537","Ove Skou Shpp(Sing)",1,0
"1538","Overseas Nav",1,0
"1539","Overseas Transport",2,0
"1540","Oxol Co Inc",1,0
"1541","Oy Rettig",1,0
"1542","Oy Rettig AB",5,0
"1543","Ozean Line",1,0
"1544","P Dohle",3,0
"1545","P Ebeling",1,0
"1546","P&O Containers",18,0
"1547","P&O European Ferries",2,0
"1548","P&O Ferries",3,0
"1549","Pacific  Coast Shpp",1,0
"1550","Pacific Asia",3,0
"1551","Pacific Bulk Carriers",1,0
"1552","Pacific Castle SA",1,0
"1553","Pacific Coast  Shpp",1,0
"1554","Pacific Diamond's Mar",1,0
"1555","Pacific East Ind",1,0
"1556","Pacific Hawaii",1,0
"1557","Pacific Mar",1,0
"1558","Pacific West Ltd",1,0
"1559","Pacifica",2,0
"1560","Pacillion SA",1,0
"1561","Palmera Shpp",1,0
"1562","Pan Arab",1,0
"1563","Pan Continent",1,0
"1564","Pan Continental",2,0
"1565","Pan Ocean",13,0
"1566","Panalexandra SA",1,0
"1567","Panarosa",1,0
"1568","Panatas Shpp",1,0
"1569","Pancarib",1,0
"1570","Panet Maritime",1,0
"1571","Pantheon Shpp",1,0
"1572","Paramount Mar",1,0
"1573","Parasio Shpp",1,0
"1574","Paringer  Inv",1,0
"1575","Paringer Inv",1,0
"1576","Part Anglia",1,0
"1577","Part Anke",1,0
"1578","Part Atalania",1,0
"1579","Part Coronel",1,0
"1580","Part Cortia",1,0
"1581","Part Dithmarsia",1,0
"1582","Part Dorado",1,0
"1583","Part Duneck",1,0
"1584","Part Erika",1,0
"1585","Part Hornburg",1,0
"1586","Part Iise",1,0
"1587","Part Jorund",1,0
"1588","Part Kirana",1,0
"1589","Part Loga",1,0
"1590","Part Nordwind",1,0
"1591","Part Nova",1,0
"1592","Part Orion",1,0
"1593","Part Pacific",1,0
"1594","Part Petuja",1,0
"1595","Part Puritan",1,0
"1596","Part Reykjafoss",1,0
"1597","Part Robin Hood",1,0
"1598","Part Sabinc D",1,0
"1599","Part Svenja",1,0
"1600","Part Tinto",1,0
"1601","Part Transgermania",1,0
"1602","Part Ursus",1,0
"1603","Parten Ostebay",1,0
"1604","Pasco",2,0
"1605","Passat Schiff",1,0
"1606","Patenopea",1,0
"1607","Paul Shpp Corp",1,0
"1608","Peace River Overseas",1,0
"1609","Pearl Mar",1,0
"1610","Pearl Maritime",2,0
"1611","Pearlbay Shpp Co",1,0
"1612","Pegasus Ocean",1,0
"1613","Pelflyer  Shpp Corp",1,0
"1614","Pelias Shpp Co",1,0
"1615","Pella Shpp",1,0
"1616","Pelti Shpp",1,0
"1617","Peltron Shpp",1,0
"1618","Pemex Ltd",1,0
"1619","Pendleton Co Inc",1,0
"1620","Perdana Lines",1,0
"1621","Perintis Lines",1,0
"1622","Perkapalan Kris",1,0
"1623","Perkins Inter-Ocean",1,0
"1624","Person Shpp",1,0
"1625","Pertrogas Shpp",1,0
"1626","Peru Amazon",3,0
"1627","Peter  Dohle",1,0
"1628","Peter Dohle",17,0
"1629","Peterson",1,0
"1630","Petra Gunda",1,0
"1631","Petrokan",1,0
"1632","Philesia",1,0
"1633","Pia Interscan Reed",1,0
"1634","PIL",16,0
"1635","Pinewood Marine",1,0
"1636","Pinillos",9,0
"1637","Pinto Invest",1,0
"1638","Pioneer SS",1,0
"1639","Pirco cia Naviero",1,0
"1640","Planet Henry",1,0
"1641","Platin Arrow Co",1,0
"1642","Platou Invest",1,0
"1643","Plentitrade Shpp",1,0
"1644","Pluto Shpp Corp",3,0
"1645","PNSC",13,0
"1646","Pocantico Shpp",1,0
"1647","POETS",4,0
"1648","POL",27,0
"1649","Polar Star",1,0
"1650","Poldex Shpp",1,0
"1651","Poldhu Shpp",1,0
"1652","Polio Shpp",1,0
"1653","Polish Shpp",11,0
"1654","Pollux K/S",1,0
"1655","Polynesia Sea Enterprise",1,0
"1656","Portline",6,0
"1657","Portwal",1,0
"1658","Poseidon",1,0
"1659","Poseidon Marine Tran",1,0
"1660","Poseidon Shpp",1,0
"1661","Prekookeanska Plovidba",2,0
"1662","Primera Mar",1,0
"1663","Primode Marino SA",1,0
"1664","Prince Arrow",1,0
"1665","Privat  Leasing A/S",1,0
"1666","PRMSA",5,0
"1667","Projex",2,0
"1668","Promoter Mar",1,0
"1669","Prompt Shpp",1,0
"1670","Pt Dasalines",1,0
"1671","PT Dasalines",1,0
"1672","PTC World Shpp",3,0
"1673","Puebeck Shpp",1,0
"1674","Pulau Laut",1,0
"1675","Pyrsos Shpp",1,0
"1676","R Nibbo",1,0
"1677","R/I Sif",1,0
"1678","Rahmann",1,0
"1679","Rainbow",1,0
"1680","Rainbow Shipping",1,0
"1681","Ramore Mar",1,0
"1682","Ranger K/S",1,0
"1683","Rascasee Mar",1,0
"1684","Ratana Navy",1,0
"1685","Raya Int",1,0
"1686","RCL",3,0
"1687","RCL Holdings",1,0
"1688","RCL Shpp Pte Ltd",1,0
"1689","Reardon Smith",1,0
"1690","Rebi",1,0
"1691","Recols Nav",1,0
"1692","Red  Waterweg",1,0
"1693","Red Ab Engship",1,0
"1694","Red de Nieuwe Waterweg",1,0
"1695","Red Stenersen",1,0
"1696","Red Vanessa A/S",1,0
"1697","Rederij Adrian",1,0
"1698","Rederij Albas",1,0
"1699","Rederij Majgard KG",1,0
"1700","Rederij Victory",1,0
"1701","Reed AB Engship",1,0
"1702","Reed Gebr Eckert",1,0
"1703","Reed Magnus",1,0
"1704","Reed Martin",1,0
"1705","Reed Nibbe",1,0
"1706","Reed Nord Limassol",1,0
"1707","Reed Westermoor",1,0
"1708","Reederei Lehmann",1,0
"1709","Reefer Ships",2,0
"1710","Refrigerated Express",1,0
"1711","Regent Quince Shpp",1,0
"1712","Reina Mar SA",1,0
"1713","Relayship Bahamas Ltd",1,0
"1714","Renaissance Mar",1,0
"1715","Rendsburg",1,0
"1716","Report Shpp",1,0
"1717","Rexbury Shpp",1,0
"1718","Rhenania Shpp",1,0
"1719","Rhenania Shpp Corp",2,0
"1720","Richocean Shpp SA",1,0
"1721","Ridderveer BV",2,0
"1722","Rider Shpp",1,0
"1723","Riis Shpp",1,0
"1724","Rio Haina Corp",1,0
"1725","Rio Miami Corp",1,0
"1726","RL Leasing(S)",1,0
"1727","RMS",1,0
"1728","RMS Duisburg",3,0
"1729","RMS Italia",2,0
"1730","Ro-Ro I Ltd",1,0
"1731","Robert Reed",1,0
"1732","Rohden Schiff",2,0
"1733","Rolf Becker",1,0
"1734","Rolf Buck",1,0
"1735","Rolf R Fischer",1,0
"1736","Rollonoff Nav",1,0
"1737","Roma",1,0
"1738","Romen Inc",2,0
"1739","Romulus Ltd",1,0
"1740","Ropner Shpp",1,0
"1741","Rosex Co Ltd",1,0
"1742","Rover K/S",1,0
"1743","Rover Lines Ltd",1,0
"1744","Rowley Shpp",1,0
"1745","Rubin Shpp",1,0
"1746","Rudolf Jonsson",1,0
"1747","Ruth Jens",1,0
"1748","Rydal Nav",1,0
"1749","Ryukyu Kaiun",1,0
"1750","S Atlantic Seafood",1,0
"1751","Safe Port Shpp",1,0
"1752","Safmarine",5,0
"1753","SAFT",3,0
"1754","Saga Forest",4,0
"1755","Sagres Shp",1,0
"1756","Sahalin Shpp",1,0
"1757","Saint John Mar Co",1,0
"1758","Sakhalin Shpp",2,0
"1759","Salado Shpp",1,0
"1760","Salivan Shpp",1,0
"1761","Sally Cia Naviera",1,0
"1762","Salvador Shpp Corp",1,0
"1763","Samatour",3,0
"1764","Samband",3,0
"1765","Samrock Nav Corp",1,0
"1766","Samudera",4,0
"1767","San Francisco Shpp",1,0
"1768","San Jose Mar Co",1,0
"1769","San Lorenzo Shpp",1,0
"1770","San Miguel Shpp",1,0
"1771","Sandfirden BV",1,0
"1772","Sandnesship A/S",1,0
"1773","Sandy SS",1,0
"1774","Sanko SS(Panama)",1,0
"1775","Sansho Kaiun",1,0
"1776","Santa Monica Shpp",1,0
"1777","Sanyu Plant",1,0
"1778","Saturn Nav",1,0
"1779","Saudi Al Jubail Nav",1,0
"1780","Saxonia",1,0
"1781","SBC",1,0
"1782","SBN",1,0
"1783","SC Reefer Shpp",2,0
"1784","Scanfleet",1,0
"1785","Scheep Antigua",1,0
"1786","Schepers & Co",1,0
"1787","Schepers&Co KG",1,0
"1788","Schiff Kontor",1,0
"1789","Schiff Tauria",1,0
"1790","Schulz&Clem",1,0
"1791","SCI",30,0
"1792","Scindia",9,0
"1793","Scout Shpp Co",1,0
"1794","Sea-Barge",2,0
"1795","Sea-Land",33,0
"1796","Sea-Land(Bermuda)",1,0
"1797","Sea-Link AB",1,0
"1798","Sea Accord Mar",1,0
"1799","Sea Architect Shpp",1,0
"1800","Sea Beauty",1,0
"1801","Sea Bulk",1,0
"1802","Sea Containers",1,0
"1803","Sea Elf Mar",1,0
"1804","Sea Glister Shpp",1,0
"1805","Sea Horse Maritime",1,0
"1806","Sea Key Shpp Co",1,0
"1807","Sea Malta",1,0
"1808","Sea Nymph Shpp",1,0
"1809","Sea Queen Shpp",1,0
"1810","Sea Rainbow Holding SA",1,0
"1811","Sea River",2,0
"1812","Sea Shell Nav",1,0
"1813","Sea Trans Inc",1,0
"1814","Seaborn Mar",1,0
"1815","Seaburg Inc",1,0
"1816","Seacape Mar",1,0
"1817","Seadoll Marine",1,0
"1818","Seadragon Mar",1,0
"1819","Seafame",1,0
"1820","Seafarers Shpp Inc",1,0
"1821","Seahawk Mar",1,0
"1822","Seajoy Shpp",1,0
"1823","Sealaw Shp",1,0
"1824","Sealift Services Inc",1,0
"1825","Sealink",3,0
"1826","Seapoint Shpp",1,0
"1827","Seasprint",1,0
"1828","Seaways Co Inc",1,0
"1829","Segmode Marino SA",1,0
"1830","Seiyo Kisen",1,0
"1831","Seki Akeishi Shpp",1,0
"1832","Seki Ceder Shpp",1,0
"1833","Seki Kochi Shpp",1,0
"1834","Seki Mitsuyama Shpp",1,0
"1835","Seki Nagoya Shpp",1,0
"1836","Seki Pine Shpp",1,0
"1837","Sekihyo Line(Panama)",3,0
"1838","Sekihyo(Panama)",1,0
"1839","Sekiyo Line(Panama)",1,0
"1840","Selavik Shpp",1,0
"1841","Selecta Trading",1,0
"1842","Selkirk investment",1,0
"1843","Sembawang Shpp",1,0
"1844","Senator Mar",1,0
"1845","Senior Shpp",1,0
"1846","Seno",2,0
"1847","Seraphin Mar",1,0
"1848","Serenity Co SA",1,0
"1849","Setramar SpA",1,0
"1850","Seven Bros Shpp Corp",1,0
"1851","Sezi Turkes",1,0
"1852","Shamrock Shpp",1,0
"1853","Shandong Prov",1,0
"1854","Shanghai Hai Xing Shpp",1,0
"1855","Shipcare Inc",1,0
"1856","Shipperton Marine",1,0
"1857","Shpp Corp Polynesia",1,0
"1858","Shpp Corp Saudi Arabia",1,0
"1859","Shuttle Shpp",1,0
"1860","SIARM",1,0
"1861","Sibella Co Inc",1,0
"1862","Sibum",1,0
"1863","Silbodna Plovidba",1,0
"1864","Silver Ace Marine",1,0
"1865","Silver Carriers",5,0
"1866","Silver Happiness",1,0
"1867","Silver Line",1,0
"1868","Silver Moon Ferries",1,0
"1869","Silver Shpp",1,0
"1870","Silver Venus Co",1,0
"1871","Silverboat Shpp",1,0
"1872","Silverwave Nav",1,0
"1873","Sin Lian Shpp",1,0
"1874","Sing Int Merchant",1,0
"1875","Singang Shpp",1,0
"1876","Sinofa Shpp &Ent",1,0
"1877","Sinotrans",2,0
"1878","Sinpacific",1,0
"1879","Sinzhong Lines",1,0
"1880","Sira Ocean K/S",1,0
"1881","Sirius",2,0
"1882","Sirius Shipholding",1,0
"1883","Sitram",5,0
"1884","Sius",1,0
"1885","Skaubord Ltd",1,0
"1886","Skaugran Ltd",1,0
"1887","Skold Shpp",1,0
"1888","Skua Nav",1,0
"1889","Skyward Maritime",1,0
"1890","Sleipner J Kahrs",1,0
"1891","Slobodna Plovidba",2,0
"1892","Sloman",4,0
"1893","SMN",1,0
"1894","SMTM",2,0
"1895","Smyrna Shpp",1,0
"1896","SNC",3,0
"1897","SNCDV",18,0
"1898","SNCM",2,0
"1899","SNCM/Sudcargos",1,0
"1900","SNO",3,0
"1901","SNTM/CNAN",3,0
"1902","So-Mat",3,0
"1903","Soc Bretonne de Cabotage",1,0
"1904","Soc Daher",1,0
"1905","Soc Italafrica Line",1,0
"1906","Soc Marina Mercante Canarias",1,0
"1907","Soframa Unilines",1,0
"1908","Sofrana New Guinea",1,0
"1909","Sofrana Unilines",1,0
"1910","Sojitsu Shpp SA",1,0
"1911","Solar System SA",1,0
"1912","Solea Inc",1,0
"1913","Solid Lines",3,0
"1914","Somali Shp Agency",1,0
"1915","Somatra",1,0
"1916","Somerset Shpp",2,0
"1917","Sonatram",2,0
"1918","Sonomar Line",1,0
"1919","Sorinco-Marine",4,0
"1920","Sounion Mgmt",1,0
"1921","South Atlantic Cargo Shpp",1,0
"1922","South Islands Shpp",1,0
"1923","South Loyal Shpp",1,0
"1924","South Wealth Shpp",1,0
"1925","Southern Wind Inc",1,0
"1926","Sovcomflot",4,0
"1927","Soviet Danube",4,0
"1928","SP Shipping",1,0
"1929","Spartan Shpp",1,0
"1930","Speed Investment",1,0
"1931","Spitha Maritime SA",1,0
"1932","Spleithoff's",3,0
"1933","Splendour Maiitime",1,0
"1934","Spliethoff's",31,0
"1935","Splosna Plovba",6,0
"1936","Sportsman Shpp Corp",1,0
"1937","Sprante Schiff",2,0
"1938","Spranteland",1,0
"1939","SRN",1,0
"1940","SSL",7,0
"1941","St Basil Shpp",1,0
"1942","St Dominic Mar",1,0
"1943","St Gerard Shpp",1,0
"1944","St Patrick Mar",1,0
"1945","St Valentine Mar",1,0
"1946","Star Sapphire Shpp",1,0
"1947","Star Shpp",8,0
"1948","Starfish Co",1,0
"1949","Starship Co Ltd",1,0
"1950","Starship SA",1,0
"1951","Starwave Shpp",1,0
"1952","Stellar SA",1,0
"1953","Stena",8,0
"1954","Stena A/B",2,0
"1955","Stena Carrier Ltd",1,0
"1956","Stewart Bay Shpp",1,0
"1957","Straits Shpp",1,0
"1958","Strider 10 Ltd",1,0
"1959","Strider 2",1,0
"1960","Strider 9 Ltd",1,0
"1961","Stuwe&Co",2,0
"1962","Sud Pacifique Nav",1,0
"1963","Sudan Shpp",1,0
"1964","Sudoimport",3,0
"1965","Sulpicio",6,0
"1966","Sultan Shpp",1,0
"1967","Sun Iris Marine",1,0
"1968","Sun Leasing",1,0
"1969","Sun Maiko",1,0
"1970","Sun Maya Marine",1,0
"1971","Sun Rokko Mar",1,0
"1972","Sun Venus",1,0
"1973","Sunshine SA",1,0
"1974","Superway",1,0
"1975","Surinam",1,0
"1976","Sussex Shpp",1,0
"1977","Sutherland Shpp",1,0
"1978","Svendborg",4,0
"1979","Svendborg 1912",4,0
"1980","Svendborg Enterprise",3,0
"1981","Swedish Gulf Line",1,0
"1982","Swedish Transocean",1,0
"1983","Swire Shpp",1,0
"1984","T Shipping",1,0
"1985","Tackler 1",1,0
"1986","Taffy Shpp Co",1,0
"1987","Taiwan Cont Express",1,0
"1988","Taiwan Nav",2,0
"1989","Tamahine Shpp",1,0
"1990","Tamban Shpp",1,0
"1991","Tantalus Shpp",1,0
"1992","Tanto Intim Line",1,0
"1993","Tarros",5,0
"1994","Tasman Pulp&Paper",2,0
"1995","Taurus Schiff",1,0
"1996","Tecomar",1,0
"1997","Telde SA",3,0
"1998","Tempuran Emas Shpp",1,0
"1999","Tenggiri Shpp",1,0
"2000","Termode Marino SA",1,0
"2001","Tertia",1,0
"2002","Th Driessen",1,0
"2003","Thai Mercantile",3,0
"2004","Thalia Oceanie",1,0
"2005","Thames Shpp",2,0
"2006","Thcodor Storm",1,0
"2007","Therica Shpp",2,0
"2008","Thetis Shpp",1,0
"2009","Thien & Heyenga",1,0
"2010","Thien&Heyenga",4,0
"2011","Thien&Hyenga",1,0
"2012","Third World Shpp",1,0
"2013","Thomas wehr",1,0
"2014","Thoresen&Co",8,0
"2015","Thornhops Shpp",1,0
"2016","Ti&Ti Ro-Ro Invest",1,0
"2017","Tianjin Kobe Int Shpp",1,0
"2018","Tianjin Marine",1,0
"2019","Tientsin Marine",4,0
"2020","Tilly Russ",1,0
"2021","Timber Shpp Ltd",2,0
"2022","Time",1,0
"2023","Tirrenia",12,0
"2024","Tirrrenia",1,0
"2025","Tisamar Inc",1,0
"2026","Titan",1,0
"2027","Titania",1,0
"2028","TMM",11,0
"2029","TMNC",1,0
"2030","TNT",1,0
"2031","Toda Kisen",1,0
"2032","Togal  Properties",1,0
"2033","Toko Kisen",1,0
"2034","Tonga Ocean",1,0
"2035","Tongaocean Ltd",1,0
"2036","Tor Line",2,0
"2037","Torbay Shpp",1,0
"2038","Tourship Co SA",1,0
"2039","Toyama",1,0
"2040","Toyo Line",1,0
"2041","Toyo Line SA",1,0
"2042","Trade Animation",1,0
"2043","Trade Bliss SA",1,0
"2044","Trade Dawn Inc",1,0
"2045","Trade Diamond",1,0
"2046","Trade Diligence SA",1,0
"2047","Trade Envoy SA",1,0
"2048","Trade Ever Shpp",1,0
"2049","Trade Fir Shpp",1,0
"2050","Trade Fluency Inc",1,0
"2051","Trade Friend SA",1,0
"2052","Trade Grace Mar Corp",1,0
"2053","Trade Green Shpp Corp",1,0
"2054","Trade Light SA",1,0
"2055","Trade River SA",1,0
"2056","Trade Splendour Inc",1,0
"2057","Trade Vigour SA",1,0
"2058","Trader Shpp Ent",1,0
"2059","Tran Mar Delsur",2,0
"2060","Trans-Balear",2,0
"2061","Trans-Pacific Shpp",3,0
"2062","Trans Pacific Shpp",1,0
"2063","Transafric",1,0
"2064","Transatilantic",1,0
"2065","Transatlantica",1,0
"2066","Transea Trading",1,0
"2067","Transinsular",2,0
"2068","Transmares",3,0
"2069","Transmediterranea",2,0
"2070","Transnave",4,0
"2071","Transocean Transport Corp",2,0
"2072","Transoceanique",2,0
"2073","Transreed Achat",1,0
"2074","Transroll",1,0
"2075","Tras Fluviali",1,0
"2076","Trasatlantica",3,0
"2077","Trasmediterranea",4,0
"2078","Trasoceanica",1,0
"2079","Trcvose Shpp Co",1,0
"2080","Tricity Finance Ltd",1,0
"2081","Trikora",1,0
"2082","Trikora Lloyd",4,0
"2083","Triton Pacific",1,0
"2084","Trono(Pan)",1,0
"2085","Trophy Co SA",1,0
"2086","Tropical",5,0
"2087","Tropical Shpp Italiana",2,0
"2088","Troy Co Nav",1,0
"2089","Trust Union",2,0
"2090","TSP Shpp",1,0
"2091","TTT Inc",1,0
"2092","Tundra Skater Corp",1,0
"2093","Tundra Skier Corp",1,0
"2094","Tundra Sprinter  Corp",1,0
"2095","Turkish Cargo",11,0
"2096","Turkish Libya",1,0
"2097","Tweendeck I K/S",1,0
"2098","Tynedale Shpp",1,0
"2099","UASC",32,0
"2100","UBC",5,0
"2101","UBEM",1,0
"2102","Ubem SA",1,0
"2103","Ugland",1,0
"2104","Ugland A/S",1,0
"2105","Ugland Jameel II Inc",1,0
"2106","UIM",3,0
"2107","Uljanik",1,0
"2108","Uljanik Ro Plovidba",1,0
"2109","Unicorn",2,0
"2110","Uniforever",1,0
"2111","Unifortune",1,0
"2112","Uniforward",1,0
"2113","Uniglory",6,0
"2114","Uniline",2,0
"2115","Unimar",1,0
"2116","Unimar Investment",1,0
"2117","Unimaster Line",1,0
"2118","Unimercy Line",1,0
"2119","Unimodest",1,0
"2120","Unimoral",1,0
"2121","Union Shpp(Aust)",2,0
"2122","Union Shpp(NZ)",3,0
"2123","Unipioneer",1,0
"2124","Unique Invest",1,0
"2125","Unique Investment",1,0
"2126","Unison Maritima",1,0
"2127","United California  Bank",1,0
"2128","United Intl Cont Transport",1,0
"2129","United Seaways",1,0
"2130","United Shpp Srvs",1,0
"2131","Unithai",1,0
"2132","Upaya Intl Shpp",1,0
"2133","Uranos",1,0
"2134","US Lines SA",4,0
"2135","USSR",12,0
"2136","USSR Soviet Marine",2,0
"2137","Utd Calif Bank",1,0
"2138","V Ships",1,0
"2139","V/O Sudoimport",1,0
"2140","Valdosta",1,0
"2141","Valeria",1,0
"2142","Valetia Shpp Inc",1,0
"2143","Valiant",1,0
"2144","Van Nievelt Goudriaan",2,0
"2145","Van Ommeren",4,0
"2146","Van Uden",2,0
"2147","Vanellus",1,0
"2148","Vectis Shpp Corp",2,0
"2149","Vega-Reederei",1,0
"2150","Vega Pte Ltd",1,0
"2151","Vega Shipholding",1,0
"2152","Vela Nav",1,0
"2153","Vencaribe",3,0
"2154","Vendila Red",1,0
"2155","Vendila Rederi",1,0
"2156","Venezuela Cont",1,0
"2157","Venisol Shpp Corp",1,0
"2158","Vermillion Shpp",1,0
"2159","Vertex Properties",1,0
"2160","Vertorn Scheep",1,0
"2161","Vertraco",1,0
"2162","Vesna Shpp",1,0
"2163","Vesta Co Ltd",1,0
"2164","Viamala Nav",1,0
"2165","Viator K/S",1,0
"2166","Victory Maritime",1,0
"2167","Vicugar SA",1,0
"2168","Viking Marine",1,0
"2169","Vikon Enterprises",1,0
"2170","Vim Nav",1,0
"2171","Vincida Maritime",3,0
"2172","Vinia Marine",1,0
"2173","Violet Venus",2,0
"2174","Virgilandia",1,0
"2175","Vis Tran Fluviali",1,0
"2176","Vitro Mar Inc",1,0
"2177","Vivien Co",1,0
"2178","Vog Shpp&Chart",1,0
"2179","Vola Shpp",1,0
"2180","Von Allworden",1,0
"2181","Von Roenn",1,0
"2182","Von Ronn",1,0
"2183","Vosco",2,0
"2184","Vpgt&Maguire",1,0
"2185","Vroon BV",13,0
"2186","VSSI Boxships",1,0
"2187","VSSI Containers",1,0
"2188","W Baum",1,0
"2189","W Grages",1,0
"2190","W Harms",1,0
"2191","W Jess",1,0
"2192","W Moller",3,0
"2193","W Schepers",2,0
"2194","W&G Ind Leasing",1,0
"2195","Wah Kam Nav",1,0
"2196","Wahehe Shpp",1,0
"2197","Wallenius",1,0
"2198","Walter Bartels",1,0
"2199","Wameru Shpp",1,0
"2200","Wan Hai",4,0
"2201","Wan Hai(Liberia)",1,0
"2202","Wani Holdings",2,0
"2203","Waterfall Shpp",1,0
"2204","Waterleader Nav",1,0
"2205","Waterman",1,0
"2206","Wave Shpp Inc",1,0
"2207","Weather Fine Shpp",1,0
"2208","Weeton Holdings",1,0
"2209","Wega Schiff",1,0
"2210","Welcome Holding",1,0
"2211","Wellington Ocean",1,0
"2212","Weser-Harbour",1,0
"2213","Weser Schiff",2,0
"2214","Wesermasch",1,0
"2215","Wessels",1,0
"2216","West Islands Shpp",1,0
"2217","West Samoa",1,0
"2218","Westbrook Mar",1,0
"2219","Wester Line",1,0
"2220","Western Seaways SA",1,0
"2221","Westfalia Shpp",2,0
"2222","Westmoorender Schiff",1,0
"2223","Weston Mar",1,0
"2224","Westview Shpp",1,0
"2225","Westwind Africa",1,0
"2226","White Pass",2,0
"2227","Wildale Shpp",1,0
"2228","Wilhelmsen Lines A/S",9,0
"2229","William",7,0
"2230","Wilmington Trust Co",3,0
"2231","Wiltrollon Group",1,0
"2232","Wimbledon Ltd",1,0
"2233","Windfall Shpp Co",1,0
"2234","Winsome Shpp Pte",1,0
"2235","Wisco",2,0
"2236","World Feeder",3,0
"2237","World Maritime SA",1,0
"2238","World Planet",1,0
"2239","World Service Ltd",1,0
"2240","World Trader Corp",1,0
"2241","Wursata Shpp",1,0
"2242","Wussata Shpp",1,0
"2243","Y-S Containership",5,0
"2244","Y-S Line",1,0
"2245","Yaegawa Kaiun",1,0
"2246","Yamamoto Mar",1,0
"2247","Yangming",20,0
"2248","Yangtzo Finance",1,0
"2249","Yankee Clipper",1,0
"2250","Yi Chun SS",2,0
"2251","Yong Long SS",1,0
"2252","Yong Ye Nav",1,0
"2253","Youcheng Nav (Panamz)",1,0
"2254","Yugo-Arab Shpp",1,0
"2255","Yugo Arab",2,0
"2256","Zadeko Shpp",3,0
"2257","Zamora Ltd",1,0
"2258","Zapata Gulf",3,0
"2259","Zeppenfeld",1,0
"2260","Zim",24,0
"2261","Zodiac",2,0
"2262",NA,161,0
