"","vessel_name"
"1","Abacus"
"2","Abbay Wonz"
"3","Abedul"
"4","Abelia"
"5","Abitibi Claiborne"
"6","Abitibi Concord"
"7","Abitibi Macado"
"8","Abitibi Orinoco"
"9","Aboitiz Concarrier VI"
"10","Aboitiz Concarrier VIII"
"11","Aboitiz Concarrier X"
"12","Aboitiz Concarrier XI"
"13","Aboitiz Concarrier XII"
"14","Aboitiz Mergaconcarriew I"
"15","Aboitiz Superconcarrier I"
"16","Aboitiz Superconcarrier II"
"17","Aboitiz Superconcarrier III"
"18","Abu Egila"
"19","Abu Rdees"
"20","Abu Zenima"
"21","Abuqir"
"22","Abyot"
"23","Acacia"
"24","Ace Concord"
"25","Ace Container"
"26","Achilleus"
"27","Aconcagua"
"28","Aconcagua"
"29","Acor"
"30","Acritas"
"31","Act 1"
"32","Act 12"
"33","Act 2"
"34","Act 3"
"35","Act 4"
"36","Act 5"
"37","Act 6"
"38","Act 7"
"39","Act 8"
"40","Act 9"
"41","Actuaria"
"42","Ada"
"43","Ada Gorthon"
"44","Adabelle Lykes"
"45","Adam Mickiewiez"
"46","Addiriyah"
"47","Adelaide Express"
"48","Adele J"
"49","Adeline Delmas"
"50","Admiral Purisic"
"51","Admiral Ushakov"
"52","Admiralty Island"
"53","Adrian Maersk"
"54","Adriana del Mar"
"55","Adriatic Trader 1"
"56","Advance"
"57","Aetos"
"58","Africa"
"59","African Express"
"60","African Reefer"
"61","Agas"
"62","Agboville"
"63","Agean Express"
"64","Aghia Markella"
"65","Agios Andreas"
"66","Agios Nikolaos"
"67","Agostinho Neto"
"68","Ahlers Breeze"
"69","Aka Bhum"
"70","Akademik Gorbunov"
"71","Akademik Kuprevich"
"72","Akademik Millionschikov"
"73","Akademik Stechkin"
"74","Akademik Tupolev"
"75","Akak Star"
"76","Aken"
"77","Akritas"
"78","Al Ahmadiah"
"79","Al Battani"
"80","Al Hussein"
"81","Al Ihsa'a"
"82","Al Manakh"
"83","Al Mirqab"
"84","Al Shamiah"
"85","Al Wajba"
"86","Al Wattyah"
"87","Al Yamamah"
"88","Al-Salma"
"89","Al-Sana"
"90","Al-Swamruz"
"91","Al-Zahraa"
"92","Alafoss"
"93","Alain LD"
"94","Alalma"
"95","Alange"
"96","Alaska Maru"
"97","Alaska Trader"
"98","Alberni Dawn"
"99","Albert Maersk"
"100","Alblas"
"101","Alcoutim"
"102","Alcyon"
"103","Alcyone"
"104","Aldo"
"105","Alegria de Pio"
"106","Aleko Konstantinov"
"107","Aleksa Dundic"
"108","Aleksandr Fadeyev"
"109","Aleksandr Ognivtsev"
"110","Aleksandr Prokofyev"
"111","Aleksandr Tvardovskiy"
"112","Aleksey Chirikov"
"113","Aleksey Kosygin"
"114","Alemania Express"
"115","Alessandra"
"116","Alessia"
"117","Alex"
"118","Alexa"
"119","Alexa"
"120","Alexander"
"121","Alexandra"
"122","Alexandra"
"123","Alfer"
"124","Algalo"
"125","Algarmi"
"126","Algerian Express"
"127","Aline Ramos"
"128","Alioth"
"129","Alioth"
"130","Alison"
"131","Alita"
"132","Alkaios"
"133","Alkhansaa"
"134","Allamanda"
"135","Allgaeu"
"136","Alligator Fortune"
"137","Alligator Glory"
"138","Alligator Hope"
"139","Alligator Independence"
"140","Alligator Liberty"
"141","Alligator Pride"
"142","Alligator Triumph"
"143","Alligator Victory"
"144","Allison Lykes"
"145","Allul"
"146","Alma Llanera"
"147","Almaris"
"148","Almaris"
"149","Almas"
"150","Almeria Lykes"
"151","Almirante Jose Padilla"
"152","Almirante Storni"
"153","Almuth"
"154","Alnave"
"155","Alpha Challenge"
"156","Alpha Juplter"
"157","Alpina"
"158","Alpina"
"159","Alps Maru"
"160","Alraigo"
"161","Alsixmar"
"162","Alster Rapid"
"163","Alstern"
"164","Altai"
"165","Altair"
"166","Altavia"
"167","Alterbels"
"168","Alum Bay"
"169","Alva Maersk"
"170","Alvina"
"171","Alybelle"
"172","Alyolex"
"173","Alzawraa"
"174","Amade"
"175","Amalia"
"176","Amalla"
"177","Amaralina"
"178","Amaranie"
"179","Amazonas"
"180","Amazone"
"181","Amazonit"
"182","Ambalika"
"183","Ambassador"
"184","Ambassador Bridge"
"185","Ambika"
"186","Amco Trader"
"187","Amderma"
"188","Amer Devi"
"189","Amer Shakti"
"190","Amer Shanti"
"191","America Express"
"192","America Maru"
"193","American Condor"
"194","American Dawn"
"195","American Falcon"
"196","American Luzon"
"197","Amercian Mark"
"198","Amercian Moon"
"199","Amercian Reefer"
"200","Amercian Rigel"
"201","Amercian Wave"
"202","Americana"
"203","Americana"
"204","Amerigo Vespucci"
"205","Amke"
"206","Amphion"
"207","Amsterdam"
"208","Amur No 1"
"209","An Bao Jiang"
"210","An Chun"
"211","An Guo"
"212","An He"
"213","An Hua Jiang"
"214","An Kang Jiang"
"215","An Long Jiang"
"216","An Ning Jiang"
"217","An Shan"
"218","An Shun Jiang"
"219","An Tao Jiang"
"220","An Wu Jiang"
"221","Ana Luisa"
"222","Anadyr"
"223","Anakena"
"224","Anangel Apollo"
"225","Anangel Ares"
"226","Anangel Atlas"
"227","Anangel Challenge"
"228","Anangel Endeavour"
"229","Anangel Fidelity"
"230","Anangel Leader"
"231","Anangel Sky"
"232","Anangel Spirit"
"233","Anangel Victory"
"234","Anastasia"
"235","Anatoliy Kolesnichenko"
"236","Anatoliy Vasilyev"
"237","Anchan"
"238","Ancon"
"239","Anders Maersk"
"240","Andes"
"241","Andinet"
"242","Andre Delmas"
"243","Andrian Goncharov"
"244","Andriana"
"245","Andromeda Star"
"246","Anemos"
"247","Angela"
"248","Angela Jurgens"
"249","Anglia"
"250","Anglia Express"
"251","Ango"
"252","Angol"
"253","Ani"
"254","Aniello"
"255","Anika Oltmann"
"256","Anke"
"257","Anke S"
"258","Anna L"
"259","Anna Maersk"
"260","Anna Sierra"
"261","Anna X"
"262","Anne B"
"263","Anne Catharina"
"264","Anro Adelaide"
"265","Anro Asia"
"266","Anro Australia"
"267","Anro Fremantle"
"268","Anro Jayakarta"
"269","Anro Melbourne"
"270","Anro Temasek"
"271","Anson"
"272","Antares"
"273","Antartico"
"274","Anthony Rainbow"
"275","Anthos"
"276","Antillas"
"277","Antilles"
"278","Antilles"
"279","Antipolo"
"280","Antje B"
"281","Antofalla"
"282","Antonio Guiteras"
"283","Antwerpen"
"284","Anunciata Ramos"
"285","Anwal"
"286","Anzere"
"287","Aotea"
"288","Apapa"
"289","Apollo Peak"
"290","Aquila"
"291","Aquila"
"292","Aquitania"
"293","Ara"
"294","Arab Aljazira"
"295","Arabella"
"296","Arabian Sea"
"297","Arafat"
"298","Arafura"
"299","Aragua"
"300","Aram Khachaturyan"
"301","Aran"
"302","Arastou"
"303","Arauco"
"304","Arawa Bay"
"305","Arc Minos"
"306","Archangelsk"
"307","Arcturus"
"308","Arfell"
"309","Argo"
"310","Argonaut"
"311","Aria"
"312","Aria Ava"
"313","Ariadne"
"314","Ariadne"
"315","Ariake"
"316","Arian"
"317","Ariana"
"318","Ariane 1"
"319","Aries"
"320","Arild Maersk"
"321","Arimbi"
"322","Aristotelis"
"323","Arita"
"324","Arklow Rose"
"325","Arktis Breeze"
"326","Arktis Carrier"
"327","Arktis Sky"
"328","Arlberg"
"329","Arnafell"
"330","Arnold Maersk"
"331","Arnold Sommerling"
"332","Arnstadt"
"333","Arosia"
"334","Arrow Emperor"
"335","Arrow King"
"336","Arrow Prince"
"337","Arrow Queen"
"338","Arroyofrio Dos"
"339","Arroyofrio Uno"
"340","Artevelde"
"341","Arthur Maersk"
"342","Artur Grottger"
"343","Arturo Gomez"
"344","Arunachal Pradesh"
"345","Aschberg"
"346","Ashley Lykes"
"347","Asia Ace"
"348","Asia Star"
"349","Asian Cosmos"
"350","Asian Express"
"351","Asian Friendship"
"352","Asian Hope"
"353","Asian Jade"
"354","Asian Lily"
"355","Asian Orchid"
"356","Asian Pearl"
"357","Asian Plutus"
"358","Asian Princess"
"359","Asian Progress"
"360","Asian Senator"
"361","Asian Venture"
"362","Asifi"
"363","Askania"
"364","Asni"
"365","Astra Peak"
"366","Astrakhan"
"367","Astro Prosperity"
"368","Astron"
"369","Aswan"
"370","Atacama"
"371","Athens Express"
"372","Athinai"
"373","Athlon"
"374","Atlantic"
"375","Atlantic Cartier"
"376","Atlantic Compass"
"377","Atlantic Conveyor"
"378","Atlantic Forest"
"379","Atlantic Freighter"
"380","Atlantic Island"
"381","Atlantic Navigator"
"382","Atlantic Progress"
"383","Atlantic Stream"
"384","Atlantica"
"385","Atlantis"
"386","Atlantis"
"387","Atlantis"
"388","Atlas"
"389","Atria"
"390","Aubrac"
"391","Auckland Express"
"392","Auersberg"
"393","Aurelia"
"394","Aurora"
"395","Aurora"
"396","Aurora Maru"
"397","Australian Advance"
"398","Australian Exporter"
"399","Australian Express"
"400","Australian Reefer"
"401","Australian Trader"
"402","Australian Venture"
"403","Author"
"404","Autoestrada"
"405","Autovia"
"406","Avis Faith"
"407","Avlis"
"408","Axel Maersk"
"409","Aysen"
"410","Ayubia"
"411","Azilal"
"412","Azrou"
"413","AEL America"
"414","AEL Europa"
"415","AJ 1"
"416","ALS Dedication"
"417","ALS Endeavour"
"418","ALS Prosperity"
"419","ALS Strength"
"420","ASL Cygnus"
"421","ASL Sanderling"
"422","B Prus"
"423","Baabullah"
"424","Baco-Liner 1"
"425","Baco-Liner 2"
"426","Baco-Liner 3"
"427","Bago"
"428","Bahia de la Habana"
"429","Bahia de Cardenas"
"430","Bahia de Cienfuegos"
"431","Bahia de Manzanillo"
"432","Bahia de Nuevitas"
"433","Bahia de Puerto Padre"
"434","Bahia de Santiago de Cuba"
"435","Bahia Honda"
"436","Bai He Kou"
"437","Baileys"
"438","Bakengracht"
"439","Bakkafoss"
"440","Balder Dona"
"441","Balduin"
"442","Balkan"
"443","Balqees"
"444","Baltic Eagle"
"445","Baltic Eider"
"446","Baltic Ferry"
"447","Baltic Press"
"448","Baltic Print"
"449","Baltic Progress"
"450","Baltic Sun"
"451","Baltic Tern"
"452","Baltimar Saturn"
"453","Baltimar Sun"
"454","Baltimore Trader"
"455","Baltiysk"
"456","Bandundu"
"457","Bangkok Navee"
"458","Banglar Doot"
"459","Banglar Gourab"
"460","Banglar Kakoli"
"461","Banglar Kallol"
"462","Banglar Mamata"
"463","Banglar Maya"
"464","Banglar Moni"
"465","Banglar Mookh"
"466","Banglar Robi"
"467","Banglar Shobba"
"468","Banglar Urmi"
"469","Bar'zan"
"470","Baracuda"
"471","Barbara D"
"472","Barbara E"
"473","Barbara-Britt"
"474","Barbara-Chris"
"475","Barco"
"476","Barentzgracht"
"477","Barge 411"
"478","Bargstedt"
"479","Barrier"
"480","Baru Luck"
"481","Barwll Express"
"482","Bass Trader"
"483","Bassro Star"
"484","Bataafgracht"
"485","Battersea"
"486","Bavaria"
"487","Bay Bridge"
"488","Bayamon"
"489","Bayard"
"490","Bazias 1"
"491","Bazias 2"
"492","Bazias 3"
"493","Bazias 4"
"494","Bazias 5"
"495","Beatriz del Mar"
"496","Beaverdale"
"497","Beeco Africa"
"498","Beerberg"
"499","Bei Dal He"
"500","Bei Lou"
"501","Belard"
"502","Belforest"
"503","Belgian Senator"
"504","Belgica"
"505","Belgrano"
"506","Belinda"
"507","Bell Racer"
"508","Bell Ranger"
"509","Bell Reliant"
"510","Bell Renown"
"511","Bell Resolve"
"512","Bell Rover"
"513","Bell Ruler"
"514","Bella L"
"515","Bellavia"
"516","Beltimber"
"517","Belvaux"
"518","Belwood"
"519","Benalder"
"520","Benavon"
"521","Bencomo"
"522","Bengal Progress"
"523","Benijofar"
"524","Benirredra"
"525","Bentago"
"526","Berdina"
"527","Berg"
"528","Bergen"
"529","Bergen Arrow"
"530","Berlin Haupstadt der DDR"
"531","Bermuda Islander"
"532","Bern"
"533","Bernice"
"534","Beryte"
"535","Beursgracht"
"536","Bharatendu"
"537","Bhavabhuti"
"538","Bi Sheng"
"539","Bianca"
"540","Blanca"
"541","Bibi"
"542","Bickersgracht"
"543","Bigpros Pioneer"
"544","Bimantara Dua"
"545","Bimantara Satu"
"546","Bin Cheng"
"547","Bing He"
"548","Biokovo"
"549","Bipasha"
"550","Birgit Naber"
"551","Bison"
"552","Bizerte"
"553","Blandine Delmas"
"554","Blankenese"
"555","Blankensee"
"556","Bless Container"
"557","Bloemgracht"
"558","Blue Aquamarine"
"559","Blue Atlantic"
"560","Blue Liner"
"561","Blue Master"
"562","Blue Nile"
"563","Blue Ocean 1"
"564","Blue Stone"
"565","Bo Johnson"
"566","Boka"
"567","Bokelnburg"
"568","Bolan"
"569","Bolero Reefer"
"570","Boleslaw Ruminski"
"571","Bolina"
"572","Bolivar"
"573","Bolivia"
"574","Bolshevik M Tomas"
"575","Bonita Ace"
"576","Bonn Express"
"577","Bonny Ocean"
"578","Bontegracht"
"579","Borac"
"580","Boracay"
"581","Boras"
"582","Border"
"583","Bore Britannica"
"584","Bore Gothica"
"585","Bore King"
"586","Bore Queen"
"587","Bore Sky"
"588","Bore Song"
"589","Bore Sun"
"590","Bore XI Av Stockholm"
"591","Borgfeld"
"592","Boringia"
"593","Borinquen"
"594","Boris Andreyev"
"595","Boris Babochkin"
"596","Boris Polevoy"
"597","Boris Zhemchuzhin"
"598","Borodine"
"599","Borussia"
"600","Bos Freeway"
"601","Boston Trader"
"602","Botafogo"
"603","Bourgas"
"604","Bow Forest"
"605","Boyana"
"606","Brabo"
"607","Brandaris"
"608","Brasiliana"
"609","Bratsk"
"610","Bravo Sif"
"611","Breant"
"612","Breede"
"613","Bremen Express"
"614","Bremen Senator"
"615","Bremer Flagge"
"616","Bremer Horst Bischoff"
"617","Bremer Import"
"618","Bremer Reeder"
"619","Brest"
"620","Brian Boroime"
"621","Bribir"
"622","Bridgewater"
"623","Bright Star"
"624","Brigit Maersk"
"625","Brij"
"626","Britannia"
"627","Britta II"
"628","Bronislaw Lachowicz"
"629","Bronson"
"630","Brooklyn Bridge"
"631","Brouwersgracht"
"632","Bruarfoss"
"633","Bruma I"
"634","Brussel"
"635","Brynmore"
"636","Budapesht"
"637","Buffalo"
"638","Buffalo"
"639","Builder"
"640","Bukavu"
"641","Bulk Galaxy"
"642","Bunga Angsana"
"643","Bunga Butang"
"644","Bunga Dahlia"
"645","Bunga Kantan"
"646","Bunga Kemuning"
"647","Bunga Kenanga"
"648","Bunga Melati"
"649","Bunga Melor"
"650","Bunga Penaga"
"651","Bunga Permai"
"652","Bunga Raya"
"653","Bunga Seroja"
"654","Bunga Suria"
"655","Bunga Teratai"
"656","Buona Speranza"
"657","Busan Glory"
"658","Busan Star"
"659","Bustenl"
"660","Buyer"
"661","Buyo"
"662","Buzau"
"663","Buzet"
"664","Byblos"
"665","Bydgoszcz"
"666","Byron"
"667","BCR Ingrid"
"668","C Mehmet"
"669","Cabo Santa Ines"
"670","Cabo Santa Isabel"
"671","Cabot"
"672","Cabot"
"673","Caciulata"
"674","Cadiz"
"675","Cagayan de Oro Express"
"676","Cagayan de Oro Express"
"677","Caguas"
"678","Cai Lun"
"679","Caicara"
"680","Cala Atlantica"
"681","Cala Mediterranea"
"682","Calabar"
"683","Carabar"
"684","Calafat"
"685","Calandrini"
"686","Caleta Leones"
"687","Caleta Valdes"
"688","California Apollo"
"689","California Hermes"
"690","California Jupiter"
"691","California Luna"
"692","California Mercury"
"693","California Saturn"
"694","California Star"
"695","California Venus"
"696","California Zeus"
"697","Calypso"
"698","Cam Bilinga"
"699","Cam Ebene"
"700","Camilo Cienfuegos"
"701","Campania"
"702","Canadian Explorer"
"703","Canarias Express"
"704","Candelaria"
"705","Canis"
"706","Canmar Ambassador"
"707","Canmar Europe"
"708","Canmar Spirit"
"709","Conmar Swift"
"710","Canmar Venture"
"711","Canna"
"712","Canopus"
"713","Canopus"
"714","Canopus"
"715","Canopus"
"716","Canterbury Express"
"717","Cantuaria"
"718","Cap Anamur"
"719","Cape Charles"
"720","Cape Finisterre"
"721","Cape Henry"
"722","Capitaine La Perouse III"
"723","Capitaine Quiros"
"724","Capitaine Surville"
"725","Capitaine Tasman"
"726","Capitaine Wallis"
"727","Capo Carbonara"
"728","Capricornia"
"729","Captain"
"730","Captain Bouganville"
"731","Captain Cook"
"732","Captain Kermadec"
"733","Captain Magellan"
"734","Captain Paddon"
"735","Carabobo"
"736","Caraibe"
"737","Caransebes"
"738","Cardigan Bay"
"739","Carelia"
"740","Cargo Bay"
"741","Carib Trader"
"742","Caribbean Princess"
"743","Caribbean Queen"
"744","Caribbean Trailer"
"745","Caribe"
"746","Caribe Trader"
"747","Caribic"
"748","Caricom Express"
"749","Caricom Venture"
"750","Carimare"
"751","Carina"
"752","Carmen del Mar"
"753","Carmen Carina"
"754","Carolina"
"755","Carolina D"
"756","Caroline Delmas"
"757","Caroline Oldendorff"
"758","Caroni"
"759","Carrybox 2"
"760","Carrybox 3"
"761","Carrybox 4"
"762","Cartagena"
"763","Cartagena de Indias"
"764","Casablanca"
"765","Casilda del Mar"
"766","Cast Beaver"
"767","Cast Caribou"
"768","Cast Husky"
"769","Cast Muskox"
"770","Cast Otter"
"771","Cast Polarbear"
"772","Cast Raccoon"
"773","Castor"
"774","Catamarca II"
"775","Cavalier Trader"
"776","Cebu City"
"777","Cecilie Maersk"
"778","Celestine"
"779","Celia"
"780","Celje"
"781","Cenpac 2"
"782","Central Luzon"
"783","Centurion"
"784","Century Carrier No 1"
"785","Century Carrier No 2"
"786","Century Carrier No 3"
"787","Cervantes"
"788","Cervo"
"789","Ceynowa"
"790","Chaco"
"791","Chaiten"
"792","Challenger B"
"793","Chandidas"
"794","Channel Seaway"
"795","Chao Bai He"
"796","Chao He"
"797","Char Ching"
"798","Char Hwa"
"799","Char Ming"
"800","Charles LD"
"801","Charlotta"
"802","Charlotte Bastian"
"803","Charlotte Lykes"
"804","Chartlottenborg"
"805","Chelsea"
"806","Chelyabinsk"
"807","Chengtu"
"808","Cherenkhovo"
"809","Cherkassy"
"810","Cherry Orient"
"811","Chesapeake Bay"
"812","Chi Feng Kou"
"813","Ctd Wan 301"
"814","Chieftan"
"815","Chin Chun"
"816","China Container"
"817","China Express"
"818","Chitral"
"819","Cho Yang Chance"
"820","Cho Yang Park"
"821","Cho Yang Success"
"822","Choapa"
"823","Chodziez"
"824","Chofu"
"825","Chong Suk"
"826","Chopin"
"827","Chou He"
"828","Christa"
"829","Christlansborg"
"830","Christina C"
"831","Christina Isabel"
"832","Christine I"
"833","Christopher Meeder"
"834","Chrysovalandou Grace"
"835","Chubut"
"836","Chun Hak"
"837","Chun He"
"838","Chun Kyung"
"839","Churchill"
"840","Churun Meru"
"841","Cicero"
"842","Cidade de Funchal"
"843","Cielo di Amalfi"
"844","Cielo di Genova"
"845","Cielo di Trieste"
"846","Cierzo"
"847","Cindya"
"848","Cintra"
"849","Citta di Catania"
"850","City of Athens"
"851","City of Edinburgh"
"852","City of Liverpool"
"853","City of Manchester"
"854","City of Plymouth"
"855","Ciudad de Alicante"
"856","Ciudad de Armenia"
"857","Ciudad de Bogota"
"858","Ciudad de Buenavctura"
"859","Ciudad de Cadiz"
"860","Ciudad de Manta"
"861","Ciudad de Neiva"
"862","Ciudad de Pasto"
"863","Ciudad de Popayan"
"864","Ciudad de Quito"
"865","Ciudad de Santa Marta"
"866","Ciudad de Turbo"
"867","Clara"
"868","Clara Express"
"869","Claudia Kogel"
"870","Claus Jurgens"
"871","Clement"
"872","Clervaux"
"873","Clio"
"874","Clipper"
"875","Clipper Ace"
"876","Clipper Magic"
"877","Clodia"
"878","Clotilde del Mar"
"879","Clover"
"880","Clydebank"
"881","Coburg"
"882","Colima"
"883","Colon"
"884","Colorado"
"885","Columbia Boston"
"886","Columbia New York"
"887","Columbus America"
"888","Columbus Australia"
"889","Columbus Canada"
"890","Columbus Louisiana"
"891","Columbus New Zealand"
"892","Columbus Niugini"
"893","Columbus Ohio"
"894","Columbus Olinda"
"895","Columbus Ontario"
"896","Columbus Queensland"
"897","Columbus Victoria"
"898","Columbus Virginia"
"899","Columbus Wellington"
"900","Comet"
"901","Cometa"
"902","Commodore Clipper"
"903","Commodore Goodwill"
"904","Comodal I"
"905","Companion Express"
"906","Concert Express"
"907","Concord"
"908","Concord"
"909","Concord Aska"
"910","Concord Bingo"
"911","Concord Chikuma"
"912","Concord Daisen"
"913","Concord Echizen"
"914","Concord Furano"
"915","Concord Gassan"
"916","Concord Hayato"
"917","Concord Ibuki"
"918","Concord Jindai"
"919","Condork I"
"920","Condork III"
"921","Condor"
"922","Confrigo 1"
"923","Conman I"
"924","Conman II"
"925","Conscience"
"926","Container Transport 2"
"927","Container Transport 3"
"928","Container Transport 4"
"929","Container Transport 5"
"930","Container Transport 6"
"931","Container Transport 7"
"932","Containership II"
"933","Conti Almania"
"934","Conti Bavaria"
"935","Conti Finlandia"
"936","Continental Partner"
"937","Conto"
"938","Contship America"
"939","Contship Asia"
"940","Contship Australia"
"941","Contship Brave"
"942","Contship England"
"943","Contship Europe"
"944","Contship Germany"
"945","Contship Holland"
"946","Contship Italy"
"947","Contship Spain"
"948","Copa"
"949","Copacabana"
"950","Copiapo"
"951","Corabank"
"952","Corain I"
"953","Corain II"
"954","Coral Chief"
"955","Corconte"
"956","Cordigliera"
"957","Cordillera"
"958","Cordoba"
"959","Cordoba"
"960","Cormorant Arrow"
"961","Cornelia Maersk"
"962","Cornelie"
"963","Cornelis Verolme"
"964","Coronel"
"965","Corral"
"966","Corrientes II"
"967","Corse"
"968","Corsica Marina II"
"969","Cortia"
"970","Corvette"
"971","Corvo"
"972","Cosmo Angel"
"973","Cosmo Ocean"
"974","Cosmos"
"975","Costas N Pateras"
"976","Cotnari"
"977","Cotopaxi"
"978","Cottbus"
"979","Cozia"
"980","Cranach"
"981","Crane Arrow"
"982","Cranz"
"983","Cres"
"984","Crik venica"
"985","Crimmitschau"
"986","Crispin"
"987","Cristoforo Colombo"
"988","Crown Trader"
"989","Crowna"
"990","Cuenca"
"991","Cumana"
"992","Cumberton"
"993","Cumbria Express"
"994","Cuxhaven"
"995","Cuyuni"
"996","Cy O'Connor"
"997","CGM Bretagne"
"998","CGM Champagne"
"999","CGM La Perouse"
"1000","CGM Languedoc"
"1001","CGM Lorraine"
"1002","CGM Maripasoula"
"1003","CGM Monet"
"1004","CGM Provence"
"1005","CGM Rabelais"
"1006","CGM Racine"
"1007","CGM Rimbaud"
"1008","CGM Ronsard"
"1009","CGM Roussillon"
"1010","CGM Utrillo"
"1011","CMB Eager"
"1012","CMB Ebony"
"1013","CMB Energy"
"1014","CMB Enterprise"
"1015","CMB Equity"
"1016","CMB Esprit"
"1017","CMB Exporter"
"1018","CMB Mallet"
"1019","CMB Mallet"
"1020","CMB Marque"
"1021","CMB Memling"
"1022","CMB Merit"
"1023","CMB Plantin"
"1024","CMB Quadrant"
"1025","CMB Quellin"
"1026","CPC Gallia"
"1027","CPC Hollandia"
"1028","CPC Nippon"
"1029","CR Abidjan"
"1030","CR Casablanca"
"1031","CR Douala"
"1032","CR Libreville"
"1033","CR Marseille"
"1034","CR Pointe Noire"
"1035","CR Tanger"
"1036","D' Albertis"
"1037","Da Mosto A"
"1038","Da Shi Zhai"
"1039","Da Yu"
"1040","Dadiangas"
"1041","Dadiangas Express"
"1042","Dana Anglia"
"1043","Dana Cimbria"
"1044","Dana Hafnia"
"1045","Dana Maxima"
"1046","Dana Regina"
"1047","Danah"
"1048","Danaos"
"1049","Dang Delima"
"1050","Danielle"
"1051","Daphne"
"1052","Darfur"
"1053","Darly"
"1054","Darro"
"1055","Dasa Enam"
"1056","Dasa Lima"
"1057","Dauphine"
"1058","Debica"
"1059","Deepsea Carrier"
"1060","Degero"
"1061","Dej"
"1062","Dekabrist"
"1063","Del Monte Planter"
"1064","Delaware Bay"
"1065","Deloris"
"1066","Delphine Delmas"
"1067","Delta Mas"
"1068","Deneb"
"1069","Denise"
"1070","Depatre"
"1071","Deppe America"
"1072","Deppe Europe"
"1073","Derna"
"1074","Desafio"
"1075","Desio"
"1076","Despo"
"1077","Detlef Schmidt"
"1078","Dettifoss"
"1079","Devo"
"1080","Devyatnadtsatyy Syezd Vlksm"
"1081","Diamond Rabbit"
"1082","Diana C"
"1083","Dico"
"1084","Diego"
"1085","Dien Bien 01"
"1086","Diligence Container"
"1087","Dimitrios GR"
"1088","Dinamarca"
"1089","Diogo Bernardes"
"1090","Direct Eagle"
"1091","Direct Kea"
"1092","Direct Kookaburra"
"1093","Disarfell"
"1094","Dithmarsia"
"1095","Dmitriy Donskov"
"1096","Do Nam No 5"
"1097","Do Nam No 6"
"1098","Do Nam No 7"
"1099","Do Nam No 8"
"1100","Do Nam No 9"
"1101","Dobrudja"
"1102","Dock Express Virginia"
"1103","Dole California"
"1104","Dole Ecuador"
"1105","Dolj"
"1106","Domiziana"
"1107","Don Fernando"
"1108","Don Pedro"
"1109","Donar"
"1110","Dong Xing"
"1111","Dongola"
"1112","Dorado"
"1113","Dorinco"
"1114","Dorothee"
"1115","Dover"
"1116","Dr Atilio Malvagni"
"1117","Dr Juan B Alberdi"
"1118","Dragasani"
"1119","Dragnet"
"1120","Dragonja"
"1121","Dresden"
"1122","Drobeta 1850"
"1123","Dryso"
"1124","Dubai"
"1125","Dueneck"
"1126","Duero"
"1127","Duke of Anglia"
"1128","Duke of Flanders"
"1129","Duke of Yare"
"1130","Durmitor"
"1131","Dusseldorf Express"
"1132","DFL Hamburg"
"1133","DFL Helsinki"
"1134","E Cheng"
"1135","Eagle Bay"
"1136","Eagle Breeze"
"1137","Eagle Cloud"
"1138","Eagle Comet"
"1139","Eagle Dawn"
"1140","Eagle Moon"
"1141","Eagle Sea"
"1142","Eagle Sky"
"1143","Eagle Star"
"1144","Eagle Wave"
"1145","Eagle Wind"
"1146","Eagle World"
"1147","Earnest Venture"
"1148","East Islands"
"1149","Eastern Challenger"
"1150","Eastern Comet"
"1151","Eastern Galaxy"
"1152","Eastern Hope"
"1153","Eastern Jay"
"1154","Eastern Jupiter"
"1155","Eastern Merchant"
"1156","Eastern Pioneer"
"1157","Eastern Polaris"
"1158","Eastern Splendour"
"1159","Eastern Summit"
"1160","Eastern Unicorn"
"1161","Eastern Universe"
"1162","Eastern Venus"
"1163","Eastman"
"1164","Ebano"
"1165","Ebn Al Waleed"
"1166","Ebn Hawkel"
"1167","Eco Guadiana"
"1168","Eco Liz"
"1169","Eco Mondego"
"1170","Edda"
"1171","Eden"
"1172","Edna"
"1173","Efdim Hope"
"1174","Efdim Junior"
"1175","Egda"
"1176","Egigu"
"1177","Egiza"
"1178","Eglantine"
"1179","Ein Jalout"
"1180","Eiwa Maru"
"1181","El Carrier I"
"1182","El Djzair"
"1183","Ei Hashaishi"
"1184","Ei Jem"
"1185","El Obeid"
"1186","El Quasair"
"1187","Elbe"
"1188","Elblag"
"1189","Elbstrom"
"1190","Eleftheria K"
"1191","Elena Stasova"
"1192","Elisa Dyo"
"1193","Elisabeth Oldendorff"
"1194","Elisabeth We"
"1195","Eliza"
"1196","Eliza Heeren"
"1197","Elk"
"1198","Ellen Hudig"
"1199","Elly"
"1200","Elmwood"
"1201","Elso"
"1202","Emadala"
"1203","Emanuel Vidovic"
"1204","Emcol Clipper"
"1205","Cmcol Courier"
"1206","Emelyan Yaroslavskiy"
"1207","Emerald Coast"
"1208","Emerald Star"
"1209","Emerald 2"
"1210","Emil S"
"1211","Emilia"
"1212","Emilia S"
"1213","Empros"
"1214","Emsland"
"1215","Enarxis"
"1216","Encounter Bay"
"1217","Encouragement"
"1218","Engoy"
"1219","Enterprise 1"
"1220","Entre Rios II"
"1221","Erato II"
"1222","Erfurt"
"1223","Erka Sun"
"1224","Erlangen Express"
"1225","Ernst Thalmann"
"1226","Esla"
"1227","Esmeralda"
"1228","Esmeralda I"
"1229","Espana"
"1230","Espe"
"1231","Espenis"
"1232","Este"
"1233","Este Submerger I"
"1234","Este Submerger II"
"1235","Esteclipper"
"1236","Esther"
"1237","Esther del Mar"
"1238","Estrella"
"1239","Eugeniusz Kwiatkowski"
"1240","Euro-Florida"
"1241","Euro-Louisiana"
"1242","Euro-Louisiana"
"1243","Euro-Mexico"
"1244","Euro-Texas"
"1245","Europa"
"1246","European Senator"
"1247","Eva de Mar"
"1248","Evangelia II"
"1249","Evangelistas"
"1250","Ever Better"
"1251","Ever Breeze"
"1252","Ever Bridge"
"1253","Ever Gaining"
"1254","Ever Gallant"
"1255","Ever Garden"
"1256","Ever Garland"
"1257","Ever Gather"
"1258","Ever General"
"1259","Ever Genius"
"1260","Ever Gentle"
"1261","Ever Gentry"
"1262","Ever Giant"
"1263","Ever Gifted"
"1264","Ever Given"
"1265","Ever Glamour"
"1266","Ever Gleamy"
"1267","Ever Gleeful"
"1268","Ever Globe"
"1269","Ever Glory"
"1270","Ever Glowing"
"1271","Ever Going"
"1272","Ever Golden"
"1273","Ever Goods"
"1274","Ever Govern"
"1275","Ever Grace"
"1276","Ever Grade"
"1277","Ever Grand"
"1278","Ever Greet"
"1279","Ever Group"
"1280","Ever Growth"
"1281","Ever Guard"
"1282","Ever Guest"
"1283","Ever Guide"
"1284","Ever Joy"
"1285","Ever Laurel"
"1286","Ever Level"
"1287","Ever Linking"
"1288","Ever Living"
"1289","Ever Loading"
"1290","Ever Lyric"
"1291","Ever Oasis"
"1292","Ever Obtain"
"1293","Ever Ocean"
"1294","Ever Onward"
"1295","Ever Order"
"1296","Ever Orient"
"1297","Ever Trust"
"1298","Ever Valor"
"1299","Ever Value"
"1300","Ever Vigor"
"1301","Ever Vital"
"1302","Excellence Container"
"1303","Explorer"
"1304","Export Champion"
"1305","Export Freedom"
"1306","Export Patriot"
"1307","Express Feeder"
"1308","Exxtor I"
"1309","Eyrarfoss"
"1310","Ezz-Eldin Refaat"
"1311","EAL Diamond"
"1312","EAL Ruby"
"1313","EAL Sapphire"
"1314","EMTC Lusitania"
"1315","ER Brussel"
"1316","EWL Curacao"
"1317","EWL Guyana"
"1318","EWL Paramaribo"
"1319","Fagaras"
"1320","Faget"
"1321","Fahrland"
"1322","Fair Spirit"
"1323","Fairbridge"
"1324","Faircosmos"
"1325","Fairunion"
"1326","Faith"
"1327","Falciu"
"1328","Falcon"
"1329","Falcon Arrow"
"1330","Falkenstein"
"1331","Falkon"
"1332","Falstria"
"1333","Family Ace"
"1334","Far East Bridge"
"1335","Far East Navee"
"1336","Fara Mendy"
"1337","Fareast Brilliant"
"1338","Fareast Cheer"
"1339","Fareast Faith"
"1340","Fareast Victor"
"1341","Farona"
"1342","Faros"
"1343","Faroy"
"1344","Fast Carrier"
"1345","Fast Egypt"
"1346","Fast Three"
"1347","Fathulkhair"
"1348","Fatima"
"1349","Faurei"
"1350","Federal Agno"
"1351","Federal Calumnet"
"1352","Federal Danube"
"1353","Federal Fuji"
"1354","Federal Hudson"
"1355","Federal Huron"
"1356","Federal Mass"
"1357","Federal Ottawa"
"1358","Federal Polaris"
"1359","Federal Rhine"
"1360","Federal Saguenay"
"1361","Federal Schelde"
"1362","Federal St Clair"
"1363","Federal St Laurent"
"1364","Federal Thames"
"1365","Feeder Uno"
"1366","Feleac"
"1367","Felix"
"1368","Fen He"
"1369","Feng An Shan"
"1370","Feng Kang Shan"
"1371","Feng Shun Shan"
"1372","Fenicia"
"1373","Fennia"
"1374","Fenway"
"1375","Fernandina"
"1376","Fernando Pessoa"
"1377","Fernandoeverett"
"1378","Fernao Gomez"
"1379","Ferrymar I"
"1380","Fichtelberg"
"1381","Fierbinti"
"1382","Fiesta"
"1383","Filaos"
"1384","Filaret"
"1385","Filiasi"
"1386","Filioara"
"1387","Filipesti"
"1388","Filon"
"1389","Finlandia"
"1390","Finnarctis"
"1391","Finnelm"
"1392","Finnfalcon"
"1393","Finnfellow"
"1394","Finnmerchant"
"1395","Finnosk"
"1396","finntrader"
"1397","Finnwhale"
"1398","Fintinele"
"1399","Fionia"
"1400","Firizia"
"1401","Fjordveien"
"1402","Flag Maria"
"1403","Flamares"
"1404","Flamboyant"
"1405","Flamengo"
"1406","Flamingo"
"1407","Flaminia"
"1408","Flavia I"
"1409","Fleesensee"
"1410","Fliegerkosmonaut der DDR Sigmund Jahn"
"1411","Flinders Bay"
"1412","Flipper"
"1413","Flora"
"1414","Florenz"
"1415","Floresti"
"1416","Florida Star"
"1417","Flying Eagle"
"1418","Focsani"
"1419","Foisor"
"1420","Folga"
"1421","Fong Yun"
"1422","Forest Link"
"1423","Formosa"
"1424","Fort Desaix"
"1425","Fort Fleur d'Epee"
"1426","Fort Royal"
"1427","Fort Saint Charles"
"1428","Fortaleza"
"1429","Forthbank"
"1430","Forum Micronesia"
"1431","Forum New Zealand II"
"1432","Forum Samoa"
"1433","Francesca"
"1434","Francisco Franco"
"1435","Franciszek Zubrzycki"
"1436","Francois LD"
"1437","Francop"
"1438","Franina"
"1439","Frank H Brown"
"1440","Frank Pais"
"1441","Frank Paisncarrier I"
"1442","Frankfurt Express"
"1443","Frankfurt/Oder"
"1444","Frasin"
"1445","Frasinet"
"1446","Fratzis"
"1447","Freccia Dell' Ouest"
"1448","Fredro"
"1449","Freesia"
"1450","Freital"
"1451","Fremantle Bridge"
"1452","Fremantle Express"
"1453","Fremo Scorpius"
"1454","Fremo Sirius"
"1455","Frey"
"1456","Freyburg"
"1457","Frisia 1"
"1458","Frotadurban"
"1459","Frotamanila"
"1460","Frotario"
"1461","Frotasantos"
"1462","Frotasingapose"
"1463","Frunzanesti"
"1464","Fu Chun"
"1465","Fu Niu Shan"
"1466","Fu Shun Cheng"
"1467","Fu Yu Shan"
"1468","Fu Yuan"
"1469","Fu Yuan Shan"
"1470","Fua Kavenga"
"1471","Fuensante del Mar"
"1472","Fuldatal"
"1473","Fulmarus"
"1474","Fundeni"
"1475","Future Hope"
"1476","Fyodor Petrov"
"1477","G&C Admiral"
"1478","Gabon"
"1479","Gabriele Wehr"
"1480","Gacka"
"1481","Gala del Mar"
"1482","Galatee"
"1483","Galia"
"1484","Gallant Pioneer"
"1485","Galveston Bay"
"1486","Galway Bay"
"1487","Gama"
"1488","Gama"
"1489","Gamzat Tsadasa"
"1490","Gan Jiang"
"1491","Ganda Perkasa"
"1492","Ganda Satria"
"1493","Ganvie"
"1494","Gao Cheng"
"1495","Garyounis"
"1496","Gasikara"
"1497","Gaspar Vas"
"1498","Gedaref"
"1499","General de Miranda"
"1500","General Fr Kleeberg"
"1501","General Gorbatov"
"1502","General Manuel Belgrano"
"1503","General Salom"
"1504","General Stanisiaw Poplawski"
"1505","General Urdaneta"
"1506","Genesis I"
"1507","George Lyras"
"1508","George Washington Bridge"
"1509","Georgly Piasetskiy"
"1510","Gerard LD"
"1511","Gerd Schepers"
"1512","Gerda Graebe"
"1513","Gerdt Oldendorff"
"1514","Gerlens"
"1515","Geroi Monkadly"
"1516","Geroi Panfolovtsy"
"1517","Gerona"
"1518","Geroro"
"1519","Ghadames"
"1520","Ghana Express"
"1521","Ghardaia"
"1522","Ghat"
"1523","Ghikas"
"1524","Gill"
"1525","Gina Goast"
"1526","Gina S"
"1527","Giorvas"
"1528","Giovanna S"
"1529","Gisela"
"1530","Gitta"
"1531","Giurgeni"
"1532","Glaciar Ameghino"
"1533","Glaciar Perito Moreno"
"1534","Glaciar Viedma"
"1535","Glauchau"
"1536","Gleichberg"
"1537","Global Challenger"
"1538","Global Express No3"
"1539","Global Progress"
"1540","Global Strider"
"1541","Global Success"
"1542","Global Emerald"
"1543","Globe Trader"
"1544","Gloria"
"1545","Gloria del Mar"
"1546","Gloria Peak"
"1547","Glorious Ocean"
"1548","Glory Ace"
"1549","Glory Container"
"1550","Glory Ocean"
"1551","Godewind"
"1552","Godwit"
"1553","Gold Alisa"
"1554","Gold Asia"
"1555","Gold Future"
"1556","Gold Hilla"
"1557","Gold Orli"
"1558","Gold State 3"
"1559","Gold Varda"
"1560","Golden Gate Bridge"
"1561","Golden Harvest"
"1562","Golden Isle"
"1563","Golfo de Chiriqui"
"1564","Golfo de Uraba"
"1565","Gongola Hope"
"1566","Good Explorer"
"1567","Good Faith"
"1568","Good Leader"
"1569","Gorj"
"1570","Gorum"
"1571","Gostinu"
"1572","Gothia"
"1573","Gotlandia"
"1574","Govara"
"1575","Gowa"
"1576","Gracechurch Crown"
"1577","Gracechurch Harp"
"1578","Gracechurch Star"
"1579","Gracia del Mar"
"1580","Gradistea"
"1581","Great Concert"
"1582","Great Land"
"1583","Great Universe"
"1584","Green Island"
"1585","Green Valley"
"1586","Greenwich"
"1587","Grena"
"1588","Grenada"
"1589","Gretke Oldendorff"
"1590","Grigorios C IV"
"1591","Grigoriy Petrenko"
"1592","Grimsnis"
"1593","Grivita"
"1594","Groden"
"1595","Gruia"
"1596","Grunnvaag"
"1597","Gu Bei Kou"
"1598","Gu Cheng"
"1599","Guadalquivir"
"1600","Guadalupe"
"1601","Guan He Kou"
"1602","Guang He"
"1603","Guarico"
"1604","Guayama"
"1605","Gudrun Danielsen"
"1606","Guevara"
"1607","Gulf Princess"
"1608","Gulf Speed"
"1609","Gulf Spirit"
"1610","Gulf Stream"
"1611","Gur Maiden"
"1612","Gute"
"1613","Guyane"
"1614","GF 262"
"1615","GF 264"
"1616","GF 265"
"1617","GME Atlantico"
"1618","H Cegielski"
"1619","Hae Woo No2"
"1620","Hae Woo No3"
"1621","Haewoo Frontier"
"1622","Hagieni"
"1623","Hai Guang"
"1624","Hai Hing"
"1625","Hai Hua"
"1626","Hai Hua"
"1627","Hai Hui"
"1628","Hai Lee"
"1629","Hai Meng"
"1630","Hai Soong"
"1631","Hai Xiong"
"1632","Hai Ying"
"1633","Hakata"
"1634","Hakata Maru"
"1635","Hakone Maru"
"1636","Hakuba Maru"
"1637","Hakusan II"
"1638","Halberstadt"
"1639","Haleakala"
"1640","Halina"
"1641","Halldor"
"1642","Halle"
"1643","Hallstavik"
"1644","Hallvard"
"1645","Hamburg Express"
"1646","Han Jiang He"
"1647","Han Shui He"
"1648","Han Tao He"
"1649","Han Zhong He"
"1650","Hangang Glory"
"1651","Hanjin Busan"
"1652","Hanjin Cheju"
"1653","Hanjin Chungmu"
"1654","Hanjin HongKong"
"1655","Hanjin Keelung"
"1656","Hanjin Kobe"
"1657","Hanjin Kunsan"
"1658","Hanjin Kwangyang"
"1659","Hanjin Le Havre"
"1660","Hanjin Long Beach"
"1661","Hanjin Masan"
"1662","Hanjin Mokpo"
"1663","Hanjin New York"
"1664","Hanjin Oakland"
"1665","Hanjin Pohang"
"1666","Hanjin Rotterdam"
"1667","Hanjin Savannah"
"1668","Hanjin Seattle"
"1669","Hanjin Seoul"
"1670","Hanjin Tonghae"
"1671","Hanjin Yokohama"
"1672","Hanjin Yosu"
"1673","Hanne Bakke"
"1674","Hans Leonhardt"
"1675","Hansa Bremen"
"1676","Hansa Carrier"
"1677","Hansa Kalmar"
"1678","Hansa Lubeck"
"1679","Hansa Riga"
"1680","Hansa Visby"
"1681","Hapag-Lloyd Amazonas"
"1682","Hapag-Lloyd Brasil"
"1683","Happiness III"
"1684","Happy Buccaneer"
"1685","Happy Chance"
"1686","Harbour Bridge"
"1687","Harefield"
"1688","Harmac Dawn"
"1689","Harmony"
"1690","Harrier"
"1691","Harry Pollit"
"1692","Haskerland"
"1693","Hateg"
"1694","Hau Giang"
"1695","Havelland"
"1696","Hawaii Trader"
"1697","Hawaiin Rainbow"
"1698","Hawk Arrow"
"1699","Hayakawa Maru"
"1700","Hayakita Maru"
"1701","Hazelbank"
"1702","He Lan Shan"
"1703","Hebe"
"1704","Heemskerck"
"1705","Heemskerkgracht"
"1706","Heerengracht"
"1707","Heidelberg Express"
"1708","Heike Lehmann"
"1709","Heina"
"1710","Heino"
"1711","Heinrich Behrmann"
"1712","Heinrich Heine"
"1713","Heinrich S"
"1714","Helen"
"1715","Helena Hasmann"
"1716","Helene"
"1717","Helene Waller"
"1718","Helgafell"
"1719","Helix"
"1720","Hellenic Carrier"
"1721","Hellenic Challenger"
"1722","Hellenic Destiny"
"1723","Hellenic Splendour"
"1724","Helmut Hermann"
"1725","Heng Shan"
"1726","Hennigsdorf"
"1727","Henrique Leaf"
"1728","Henry Hudson Bridge"
"1729","Henry Stahl"
"1730","Herceg-Novi"
"1731","Herdah"
"1732","Herfah"
"1733","Herm Schepers"
"1734","Herman Bodewes"
"1735","Hermanos Carcamo"
"1736","Hermes Ace"
"1737","Hermion"
"1738","Heroj Kosia Stamenkovic"
"1739","Heroj Paic"
"1740","Heroj Senjanovic"
"1741","Hersing"
"1742","Herwang"
"1743","Hettstedt"
"1744","Hikawa II"
"1745","Hilda Isabel"
"1746","Hilde del Mar"
"1747","Himalaya Maru"
"1748","Hinden"
"1749","Hing Son"
"1750","Hinsun"
"1751","Hipomar"
"1752","Hira II"
"1753","Hocchst Express"
"1754","Hoegh Banniere"
"1755","Hoegh Cairn"
"1756","Hoegh Clipper"
"1757","Hoegh Dene"
"1758","Hoegh Drake"
"1759","Hoegh Duke"
"1760","Hoegh Dyke"
"1761","Hoegh Marlin"
"1762","Hoegh Mascot"
"1763","Hoegh Minerva"
"1764","Hoegh Miranda"
"1765","Hokuo Maru"
"1766","Holcan Maas"
"1767","Molcan Rijn"
"1768","Holger"
"1769","Holstencarrier"
"1770","Holestenracer"
"1771","Hon Chun"
"1772","Hong He Kou"
"1773","Hong Hwa"
"1774","Hongkong Container"
"1775","Hongkong Express"
"1776","Hongkong Senator"
"1777","Honmoko Maru"
"1778","Hoogen"
"1779","Hope Bay"
"1780","Horda"
"1781","Horezu"
"1782","Hornbaltic"
"1783","Hornburg"
"1784","Horngulf"
"1785","Hornstar"
"1786","Hornwind"
"1787","Hosei Maru No 8"
"1788","Houtmangracht"
"1789","Hove"
"1790","Howell Lykes"
"1791","Hreljin"
"1792","Hua Jia"
"1793","Hua Jiang"
"1794","Hua Kang He"
"1795","Hua Li He"
"1796","Hua Ning He"
"1797","Hua Qing He"
"1798","Hua Qiong"
"1799","Hua Sha"
"1800","Hua Shan"
"1801","Hua Sheng"
"1802","Hua Shun He"
"1803","Hua Tai He"
"1804","Hua Tuo"
"1805","Hua Ying"
"1806","Hua Yuan Kou"
"1807","Hual Ji He"
"1808","Hual Yuan He"
"1809","Hual Yuan He"
"1810","Hual Angelita"
"1811","Hual Carmencita"
"1812","Hual Favorita"
"1813","Hual Ingrita"
"1814","Hual Karinita"
"1815","Hual Lisita"
"1816","Hual Margarita"
"1817","Hual Rolita"
"1818","Hual Tracer"
"1819","Hual Trader"
"1820","Hual Transporter"
"1821","Hual Trapper"
"1822","Hual Traveller"
"1823","Hual Tribute"
"1824","Hual Trotter"
"1825","Huan Jiang"
"1826","Huang Shan"
"1827","Hue Lu"
"1828","Hugo Oldendorff"
"1829","Hui He"
"1830","Hui Hua"
"1831","Humacao"
"1832","Humber Bridge"
"1833","Humboldt Express"
"1834","Humulesti"
"1835","Husi"
"1836","Hvassafell"
"1837","Hwapyung Namjin"
"1838","Hybur Clipper"
"1839","Hybur Intrepid"
"1840","Hybur Trader"
"1841","Hyderabad"
"1842","Hyundai Challenger"
"1843","Hyundai Commander"
"1844","Hyundai Explorer"
"1845","Hyundai Innovator"
"1846","Hyundai No 11"
"1847","Hyundai No 14"
"1848","Hyundai No 15"
"1849","Hyundai No 16"
"1850","Hyundai No 17"
"1851","Hyundai Pioneer"
"1852","Iberian Express"
"1853","Ibio"
"1854","Ibis Arrow"
"1855","Ibn Abdoun"
"1856","Ibn Al-Atheer"
"1857","Ibn Al-Heitham"
"1858","Ibn Al-Moataz"
"1859","Ibn Al-Nafees"
"1860","Ibn Al-Roomi"
"1861","Ibn Bassam"
"1862","Ibn Majid"
"1863","Ibn Malik"
"1864","Ibn Qutaibah"
"1865","Ibn Shuhaid"
"1866","Ibn Sina"
"1867","Ibone"
"1868","Ibrahim Baybora"
"1869","Igarka"
"1870","Igor Grabar"
"1871","Ikan Bills"
"1872","Ikan Talang"
"1873","Ikan Tamban"
"1874","Ikan Tenggiri"
"1875","Ilaria"
"1876","Ile de la Reunion"
"1877","Ile de France"
"1878","Ile Maurice"
"1879","Ilfov"
"1880","Ilovik"
"1881","Ilse L"
"1882","Imperial"
"1883","Inagua Vielka"
"1884","Incotrans Pacific"
"1885","Independent Concept"
"1886","Independent Endeavour"
"1887","Independent Pursuit"
"1888","Independent Spirit"
"1889","Indian Express"
"1890","Indian Goodwill"
"1891","Indira Ghandi"
"1892","Indonesia Victory"
"1893","Induna"
"1894","Ines"
"1895","Inezgane"
"1896","Infanta"
"1897","Inger"
"1898","Ingrid Leonhardt"
"1899","Inisheer"
"1900","Inka Dede"
"1901","Inn"
"1902","Inna Wakili"
"1903","Innokentiy Kochnev"
"1904","Inowroclaw"
"1905","Inselsee"
"1906","Insulano"
"1907","Integra"
"1908","Integrity"
"1909","Inzhenier Bashkirov"
"1910","Inzhenier Kreylis"
"1911","Inzhenier Machulskiy"
"1912","Inzhenier Nechiporenko"
"1913","Inzhenier Plavinskiy"
"1914","Inzhenier Sukhorukov"
"1915","Inzhenier Yamburenko"
"1916","Inzhenier Yermoshkin"
"1917","Ionian Express"
"1918","Iran Adalat"
"1919","Iran Gheyamat"
"1920","Iran Kolahdooz"
"1921","Iran Mahallati"
"1922","Iran Nabuvat"
"1923","Iran Takhti"
"1924","Iran Teyfouri"
"1925","Iran Vahdat"
"1926","Irini"
"1927","Irisi"
"1928","Iron Arnhem"
"1929","Iron B"
"1930","Iron Kirby"
"1931","Iron Monarch"
"1932","Iron Prince"
"1933","Irving Forest"
"1934","Irving Timber"
"1935","Isla de la Plata"
"1936","Isla de Gran Canaria"
"1937","Isla de Palma"
"1938","Isla de Serpana"
"1939","Isla Baltra"
"1940","Isla Bartholome"
"1941","Isla Floreana"
"1942","Isla Gran Malvina"
"1943","Isla Salango"
"1944","Isla Santay"
"1945","Isla Soledad"
"1946","Islamabad"
"1947","Islander"
"1948","Islander"
"1949","Isnes"
"1950","Isnis"
"1951","Isola delle Perle"
"1952","Isola delle Stelle"
"1953","Istranka"
"1954","Istrian Express"
"1955","Itaite"
"1956","Italian Express"
"1957","Itanage"
"1958","Itapage"
"1959","Itape"
"1960","Itaquatia"
"1961","Itatinga"
"1962","Iva"
"1963","Ivan Chernykh"
"1964","Ivan Derbenyev"
"1965","Ivan Gorthon"
"1966","Ivan Koroteyev"
"1967","Ivan Kotlyarevskiy"
"1968","Ivan Moskalenko"
"1969","Ivan Pereverzev"
"1970","Ivan Rabchinskiy"
"1971","Ivan Shadr"
"1972","Ivan Zagubanski"
"1973","Ivangrad"
"1974","Ivybank"
"1975","Izvestiya"
"1976","Jacek Malczewski"
"1977","Jacqueline"
"1978","Jacqueville"
"1979","Jade Forest"
"1980","Jadran Express"
"1981","Jag Deesh"
"1982","Jag Dhir"
"1983","Jag Yamuna"
"1984","Jalabala"
"1985","Jalagodavari"
"1986","Jalagopal"
"1987","Jalagouri"
"1988","Jalagovind"
"1989","Jalamohan"
"1990","Jalamokambi"
"1991","Jalamoti"
"1992","Jalamudra"
"1993","Jalamurugan"
"1994","Jalatapi"
"1995","Jalayamini"
"1996","Jalisco"
"1997","Jalon"
"1998","James Lykes"
"1999","Jan Becker"
"2000","Jan Dulgosz"
"2001","Jan Kahrs"
"2002","Janika"
"2003","Janne Wehr"
"2004","Japan Alliance"
"2005","Japan Apollo"
"2006","Japan Sea"
"2007","Jaref"
"2008","Jaru Bhum"
"2009","Jean Lykes"
"2010","Jean LD"
"2011","Jebel Ali"
"2012","Jenlink"
"2013","Jenwel"
"2014","Jersey"
"2015","Jessica"
"2016","Jiafa"
"2017","Jian He"
"2018","Jian Zhen"
"2019","Jilfar"
"2020","Jin Cheng Jiang"
"2021","Jin Jiang"
"2022","Jin Shin"
"2023","Jin Xiang"
"2024","Jing He"
"2025","Joana"
"2026","Joana Bonita"
"2027","Joanna Borchard"
"2028","Joaquim Kapango"
"2029","Joh Gorthon"
"2030","Johan"
"2031","Johan II"
"2032","Johan III"
"2033","Johanngeorgenstadt"
"2034","John Bluhm"
"2035","John Lykes"
"2036","Johnny Two"
"2037","Johore Bridge"
"2038","Johstadt"
"2039","Joker"
"2040","Jokulfell"
"2041","Jola"
"2042","Jolly Amaranto"
"2043","Jolly Arancione"
"2044","Jolly Bianco"
"2045","Jolly Bruno"
"2046","Jolly Celeste"
"2047","Jolly Giallo"
"2048","Jolly Grigio"
"2049","Jolly Marrone"
"2050","Jolly Nero"
"2051","Jolly Rosso"
"2052","Jolly  Rubino"
"2053","Jolly Smeraldo"
"2054","Jolly Turchese"
"2055","Jolly Verde"
"2056","Jomsborg"
"2057","Jon Sanders"
"2058","Jork"
"2059","Jorn Dede"
"2060","Jorund"
"2061","Jose Antonio Echevarria"
"2062","Jose Olaya"
"2063","Joseph Lykes"
"2064","Jozef Chelmonski"
"2065","Jozef Conrad Korzeniowaski"
"2066","Jucar"
"2067","Judith Borchard"
"2068","Jugo Navigator"
"2069","Jugoagent"
"2070","Jujuy II"
"2071","Julia"
"2072","Julia del Mar"
"2073","Julio Antonio Mella"
"2074","Jumbo Callisto"
"2075","Juplter"
"2076","Juraj Dalmatinac"
"2077","Jurgen Wehr"
"2078","Jurina"
"2079","Justine"
"2080","Jutha Chanathip"
"2081","Jutha Malee"
"2082","Jutha Pariyanat"
"2083","Jutha Phasiri"
"2084","Jutlandia"
"2085","Jutta R"
"2086","Kaapgracht"
"2087","Kabirdas"
"2088","Kabuki"
"2089","Kaga"
"2090","Kaghan"
"2091","kagoro"
"2092","Kahira"
"2093","Kahleberg"
"2094","Kai Maru"
"2095","Kai Shun"
"2096","kaien"
"2097","Kaila"
"2098","Kaimoku"
"2099","Kairos"
"2100","Kairouan"
"2101","Kairyu 8"
"2102","Kale"
"2103","Kalidas"
"2104","Kalkara"
"2105","Kalmarsund"
"2106","Kalymnos"
"2107","Kamamura"
"2108","Kamilla"
"2109","Kamina"
"2110","Kamnik"
"2111","Kananga"
"2112","Kandalaksha"
"2113","Kang He"
"2114","Kapetan Lenoidas"
"2115","Kapetan Pavlovic"
"2116","Kapitan Artyukh"
"2117","Kapitan Babiyevskiy"
"2118","Kapitan Bakanov"
"2119","Kapitan Chukhchin"
"2120","Kapitan Danilkin"
"2121","Kapitan Gavrilov"
"2122","Kapitan Gnezdilov"
"2123","Kapitan Goncharov"
"2124","Kapitan Grishin"
"2125","Kapitan Kanevskiy"
"2126","Kapitan Kozlovskiy"
"2127","Kapitan Krems"
"2128","Kapitan Kud"
"2129","Kapitan kudj"
"2130","Kapitan Lyashenko"
"2131","Kapitan Man"
"2132","Kapitan Medvetskiy"
"2133","Kapitan Mezentsyev"
"2134","Kapitan Milovzorov"
"2135","Kapitan Sakharov"
"2136","Kapitan Sergiyevskiy"
"2137","Kapitan Silin"
"2138","Kapitan Smirnov"
"2139","Kapitan Sviridov"
"2140","Kapitan Tomson"
"2141","Kapitan Tsirul"
"2142","Kapitan V Ovodovskiy"
"2143","Kapitan V Trush"
"2144","Kapitan V Ushakov"
"2145","Kapitan Vaga"
"2146","Kapitan Voolens"
"2147","Kapitan Yakovlev"
"2148","Kapitan Necdet Or"
"2149","Karaman"
"2150","karaman"
"2151","Karayel 1"
"2152","Karen Winther"
"2153","Karin"
"2154","Karin S"
"2155","Karina"
"2156","Karina Bonita"
"2157","Karipande"
"2158","Karisma"
"2159","Kariyushi Okinawa"
"2160","Kari-Maru-Stadt"
"2161","Karlowicz"
"2162","Karos"
"2163","Karpathos"
"2164","Karthago"
"2165","Kas"
"2166","Kassantina"
"2167","kasuga I"
"2168","Kathe Wessels"
"2169","Katherine Borchard"
"2170","Katherine M"
"2171","Kathrine Sif"
"2172","Katrin"
"2173","Katrina Dracopoulos"
"2174","Katrine"
"2175","Kattrepel"
"2176","Kauai"
"2177","kayseri"
"2178","kazimierz Pulaski"
"2179","Kedma"
"2180","Keimar"
"2181","Keiy Kokeb"
"2182","Keizersgracht"
"2183","Kemah"
"2184","Kamal II"
"2185","Kenmare"
"2186","Kent Conqueror"
"2187","Kepui Meru"
"2188","Kerstin"
"2189","Kestrel"
"2190","Keta Lagoon"
"2191","Keumgang"
"2192","Keumgang Glory"
"2193","Khairpur"
"2194","Khaled Ibn Al Waleed"
"2195","Khartoum"
"2196","Khasan"
"2197","Khoms"
"2198","Khudozhnik Ioganson"
"2199","Khudozhnik Koryn"
"2200","Khudozhnik Nesterov"
"2201","Khudozhnik Nikolay Rerikh"
"2202","Khudozhnik Pakhomov"
"2203","Khudozhnik Pimenov"
"2204","Khudozhnik Prorokov"
"2205","Khudozhnik Repin"
"2206","Khudozhnik Romas"
"2207","Khudozhnik Saryan"
"2208","Khudozhnik Zhukov"
"2209","Kielgracht"
"2210","Kilis"
"2211","Kilitbahir"
"2212","Kilkenny"
"2213","Killarney"
"2214","Kingston"
"2215","Kintampo"
"2216","Kinzan Maru"
"2217","Kirk Star"
"2218","Kirk Trader"
"2219","Kirklareli"
"2220","Kiso"
"2221","Kiti Bhum"
"2222","Kiukiang Career"
"2223","Kiwi Arrow"
"2224","Klang Reefer"
"2225","Klippergracht"
"2226","Klondike"
"2227","Klosterfelde"
"2228","Knud Jespersen"
"2229","Koggegracht"
"2230","Kola"
"2231","Kolka"
"2232","Koln Atlantic"
"2233","Kolpino"
"2234","Kolpinsee"
"2235","Kompozitor Dargomyzhskiy"
"2236","Kompozitor Glinka"
"2237","Kompozitor Kara Karayev"
"2238","Kompozitor Mussorgskiy"
"2239","Kompozitor Novikov"
"2240","Kompozitor Rakmaninov"
"2241","Kompozitor Rimskiy Korsakov"
"2242","Komsomolsk"
"2243","Koningsgracht"
"2244","Konstantin Paustovskiy"
"2245","Konstantin Yuon"
"2246","Konya"
"2247","Koolinda"
"2248","Koper Express"
"2249","Koralle"
"2250","Korean Amber"
"2251","Korean Amethyst"
"2252","Korean Bridge"
"2253","Korean Express"
"2254","Korean Flower"
"2255","Korean Jade"
"2256","Korean Lifter"
"2257","Korean Loader"
"2258","Korean Master"
"2259","Korean Senator"
"2260","Korean Shipper"
"2261","Korkyra"
"2262","Kormoran"
"2263","Kornat"
"2264","Korola-S"
"2265","Korrigan"
"2266","Korsun-Shevchenkovskiy"
"2267","Kostroma"
"2268","Kota Abadi"
"2269","Kota Akbar"
"2270","Kota Alam"
"2271","Kota Bahagia"
"2272","Kota Bakti"
"2273","Kota Benar"
"2274","Kota Berani"
"2275","Kota Bintang"
"2276","Kota Ekspres"
"2277","Kota Fajar"
"2278","Kota Jaya"
"2279","Kota Machan"
"2280","Kota Maju"
"2281","Kota Makmur"
"2282","Kota Mawar"
"2283","Kota Melati"
"2284","Kota Mesra"
"2285","Kota Naga"
"2286","Kota Pusaka"
"2287","Kota Singa"
"2288","Kota Timur"
"2289","Kota Waruna"
"2290","Kota Wirama"
"2291","Kothen"
"2292","Kowloon Bay"
"2293","Krakow II"
"2294","Kranj"
"2295","Krasica"
"2296","Krasica I"
"2297","Krasnogvardeyets"
"2298","Kremenchug"
"2299","Kris Lemona"
"2300","Kristine"
"2301","Krk"
"2302","Ksar Chellala"
"2303","Ksar El Boukhari"
"2304","Ksar Ettir"
"2305","Kubbar"
"2306","Kuciste"
"2307","Kudu"
"2308","Kuiseb"
"2309","Kukawa"
"2310","Kula"
"2311","Kumasi"
"2312","Kuo Chang"
"2313","Kuo Chia"
"2314","Kuo Hsiung"
"2315","Kuo Kwang"
"2316","Kuo Lung"
"2317","Kuo Wei"
"2318","Kupres"
"2319","Kurama"
"2320","Kurobe"
"2321","Kutai"
"2322","Kutina"
"2323","Kuzma Minin"
"2324","Kwang Tung"
"2325","Kweilin"
"2326","Kwidzyn"
"2327","Kyokuto Maru"
"2328","Kyoto II"
"2329","Kyowa Breeze"
"2330","Kyowa Hibiscus"
"2331","Kyowa Rose"
"2332","Kyowa Violet"
"2333","KH Chivalry"
"2334","L Jalabert Bontang"
"2335","L/L Brasil"
"2336","L/L Chile"
"2337","L/L Colombia"
"2338","L'Abanga"
"2339","L'Agard"
"2340","La Fayette"
"2341","La Jinete"
"2342","La Minera"
"2343","La Molinera"
"2344","La Mpassa"
"2345","La Paimpolaise"
"2346","La Paix"
"2347","La Pallice"
"2348","La Pampa"
"2349","La Rioja"
"2350","La Rochelle"
"2351","La Seine"
"2352","Labrador"
"2353","Laconikos II"
"2354","Lady Bos"
"2355","Lady Dona"
"2356","Lady Emile"
"2357","Lady Franklin"
"2358","Lagarfoss"
"2359","Laila"
"2360","Laja"
"2361","Lalandia"
"2362","Lamon Bay"
"2363","Lan Can Jiang"
"2364","Lange berg"
"2365","Lanka Abhaya"
"2366","Lanka Ajitha"
"2367","Lanka Amila"
"2368","Lanka Amitha"
"2369","Lanka Aruna"
"2370","Lanka Asitha"
"2371","Lanka Athula"
"2372","Lanka Mahapola"
"2373","Lanka Muditha"
"2374","Lanka Seedevi"
"2375","Lanka Siri"
"2376","Lanka Srimani"
"2377","Lanka Srimathi"
"2378","Laplandia"
"2379","Lapponia"
"2380","Lara"
"2381","Laredo"
"2382","Largish No 1"
"2383","Largs Bay"
"2384","Larkfield"
"2385","Lars Maersk"
"2386","Lars Coloradas"
"2387","Lash Atlantico"
"2388","Laura"
"2389","Laura"
"2390","Laura Maersk"
"2391","Laurens-Laurent"
"2392","Lauriergracht"
"2393","Laust Maersk"
"2394","Lauriergracht"
"2395","Laxfoss"
"2396","Le Duan"
"2397","Le Yu Quan"
"2398","Lebork"
"2399","Leda Maersk"
"2400","Ledenice"
"2401","Lee Frances"
"2402","Leeward"
"2403","Lefkimmi"
"2404","Leipzig"
"2405","Leise Maersk"
"2406","Leiv Eriksson"
"2407","Leliegracht"
"2408","Leninsky Pioneer"
"2409","Leonor"
"2410","Leopard"
"2411","Leopold Staff"
"2412","Leresti"
"2413","Leslie Lykes"
"2414","Levre"
"2415","Levante"
"2416","Leverkusen Express"
"2417","Lexa Maersk"
"2418","Lhotse"
"2419","Li Bai"
"2420","Lian Hua Ling"
"2421","Lian Hua Shan"
"2422","Lian Jiang"
"2423","Liang Shan"
"2424","Liao Cheng"
"2425","Liao He"
"2426","Libertador General Jose de San Martin"
"2427","Liberty"
"2428","Liberty Trader"
"2429","Lica Maersk"
"2430","Lide"
"2431","Lido di Venezia"
"2432","Lido Garibaldi"
"2433","Lijnbaansggracht"
"2434","Lika I"
"2435","Lillian"
"2436","Lima I"
"2437","Lima II"
"2438","Lin Jiang"
"2439","Linaki"
"2440","Linda Buck"
"2441","Lindenfels"
"2442","Ling Chang He"
"2443","Ling Quan He"
"2444","Link Target"
"2445","Lionheart"
"2446","Lions Gate Bridge"
"2447","Lipa"
"2448","Lircay"
"2449","Lisa Heeren"
"2450","Lisboa"
"2451","Lisboa"
"2452","Lista"
"2453","Lito"
"2454","Liverpool Bay"
"2455","Liverpool Star"
"2456","Liyang"
"2457","Ljubljana"
"2458","Lloyd Alegrete"
"2459","Lloyd Argentina"
"2460","Lloyd Atlantico"
"2461","Lloyd Bahia"
"2462","Lloyd Houston"
"2463","Lloyd Mandu"
"2464","Lloyd Mexico"
"2465","Lloyd Pacifico"
"2466","Lloyd Rio"
"2467","Lloyd Tupiara"
"2468","Lloydiana"
"2469","Lobeira"
"2470","Loch Awe"
"2471","Lode Bay"
"2472","Lodz II"
"2473","Loga"
"2474","London Express"
"2475","London Senator"
"2476","Long Beach"
"2477","Long Chuan Jiang"
"2478","Long Hai He"
"2479","Long Xi Kou"
"2480","Looiersgracht"
"2481","Lorenzo"
"2482","Lotte Sif"
"2483","Lotus Dawn"
"2484","Louis Maersk"
"2485","Louise"
"2486","Lovcen"
"2487","Loverval"
"2488","Lovisa Gorthon"
"2489","Lu Ban"
"2490","Lu Feng"
"2491","Lu Hai 65"
"2492","Lu Shan"
"2493","Lu Xun"
"2494","Lu Yu"
"2495","Luan He"
"2496","Lubbecke"
"2497","Lublin II"
"2498","Lucie"
"2499","Lucien Delmas"
"2500","Lucien Paquin"
"2501","Lucky Hover"
"2502","Lucky Scope"
"2503","Lucy Borchard"
"2504","Lucy Borchard"
"2505","Ludwigshafen Express"
"2506","Luhe"
"2507","Luna Maersk"
"2508","Luo He"
"2509","Luo Jiang"
"2510","Lurline"
"2511","Luso Vouga"
"2512","Lux Expressway"
"2513","Lux Gothic"
"2514","Lux Lily"
"2515","Lux Rose"
"2516","Luxor"
"2517","Luzviminda"
"2518","Lyme Bay"
"2519","Lyra"
"2520","Lys-Bris"
"2521","Lyscarrier"
"2522","Lyspoint"
"2523","Lyudmila Stal"
"2524","LM Noble Lady"
"2525","LM Serene Lady"
"2526","Macau Venture"
"2527","Mackinac Bridge"
"2528","Mactan Bridge"
"2529","Maenam Bridge"
"2530","Maersk Bella"
"2531","Maersk Bravo"
"2532","Maersk Claudine"
"2533","Maersk Clementine"
"2534","Maersk Farco"
"2535","Maersk Fiero"
"2536","Maersk Forto"
"2537","Maersk Gando"
"2538","Maersk Mango"
"2539","Maersk Mondo"
"2540","Maersk Oakland"
"2541","Maersk Paris"
"2542","Maersk Pinto"
"2543","Maersk Primo"
"2544","Maersk Rando"
"2545","Maersk Rotterdam"
"2546","Maersk Santo"
"2547","Maersk Semakau"
"2548","Maersk Tango"
"2549","Maersk Tauro"
"2550","Maersk Tempo"
"2551","Maersk Tokyo"
"2552","Maersk Turbo"
"2553","Maestro"
"2554","Magallanes"
"2555","Magdalena Oldendorff"
"2556","Magic"
"2557","Magilan"
"2558","Magnitogorsk"
"2559","Magnolia"
"2560","Magway"
"2561","Mahajanga"
"2562","Mahsuri"
"2563","Mai Rickmers"
"2564","Mainit Bay"
"2565","Maipo"
"2566","Mairangi Bay"
"2567","Maja-M"
"2568","Majapahit"
"2569","Majestic"
"2570","Makedonija"
"2571","Makran"
"2572","Maksim Mikhaylov"
"2573","Malaga I"
"2574","Malakand"
"2575","Malange"
"2576","Malaysia Glory"
"2577","Malika"
"2578","Malleco"
"2579","Mallory Lykes"
"2580","Maloja II"
"2581","Manafoss"
"2582","Manaslu"
"2583","Manchester Trader"
"2584","Mandala"
"2585","Mandalay"
"2586","Mandama"
"2587","Mandarin Sun"
"2588","Mandiri"
"2589","Manhattan Bridge"
"2590","Manila Bay"
"2591","Manila Bridge"
"2592","Manila Sunshine"
"2593","Mannar"
"2594","Manolis"
"2595","Manouli"
"2596","Mantaro"
"2597","Manukai"
"2598","Manulani"
"2599","Mar Bella"
"2600","Mar Bianco"
"2601","Mar Caribe"
"2602","Mar Coral"
"2603","Mar Dorado"
"2604","Mar Esmeralda"
"2605","Maraki"
"2606","Maranon"
"2607","Marasesti"
"2608","Marasti"
"2609","Maratha Providence"
"2610","Maratha Prudence"
"2611","Marbonita"
"2612","Marc Island"
"2613","Marchen Maersk"
"2614","Mareike"
"2615","Marfrio"
"2616","Margaret Lykes"
"2617","Margrethe Maersk"
"2618","Maria Auxiliadora"
"2619","Maria Bonita"
"2620","Maris D"
"2621","Maris Dolores del Mar"
"2622","Maria Gorthon"
"2623","Maria Hazimanolis"
"2624","Maria Oldendorff"
"2625","Marianne Schulte"
"2626","Maribor"
"2627","Marina Heeren"
"2628","Marine Blue"
"2629","Marine Bright"
"2630","Marine Coral"
"2631","Marine Crown"
"2632","Marine Kingdom"
"2633","Marine Sky"
"2634","Marine Star"
"2635","Maringa"
"2636","Maringa"
"2637","Marinos II"
"2638","Mario"
"2639","Maristesa"
"2640","Marit Maersk"
"2641","Maritiem"
"2642","Maritime Alliance"
"2643","Maritime Champion"
"2644","Maritime Express"
"2645","Maritime Goliath"
"2646","Maritime Triumph"
"2647","Maritsa Skinitis"
"2648","Marivia"
"2649","Marjan"
"2650","Marjon"
"2651","Marjorie Lykes"
"2652","Markham Bay"
"2653","Markus"
"2654","Marla"
"2655","Marlago I"
"2656","Marlago III"
"2657","Marland"
"2658","Marlen-L"
"2659","Maroudio"
"2660","Maruja del Mar"
"2661","Mary"
"2662","Mary Durack"
"2663","Mason Lykes"
"2664","Matador"
"2665","Mataram"
"2666","Mathilda"
"2667","Mathilde"
"2668","Matsonia"
"2669","Matsunami Maru"
"2670","Matunga"
"2671","Maui"
"2672","Maullin"
"2673","Mauna Loa"
"2674","Maunawili"
"2675","Maw-La-Myine"
"2676","Maya"
"2677","Maya"
"2678","Mayaguez"
"2679","Mayon"
"2680","Mbandaka"
"2681","McKinney Maersk"
"2682","Med Leader"
"2683","Medano"
"2684","Medipas Bay"
"2685","Medipas Star"
"2686","Medipas Sun"
"2687","Medipas Tide"
"2688","Medipas Wave"
"2689","Mee May"
"2690","Meghan A"
"2691","Mehediniti"
"2692","Mejerda"
"2693","Mekhanik Bardetskiy"
"2694","Mekhanik Federov"
"2695","Mekhanik Gerasimov"
"2696","Mekhanik Konovalov"
"2697","Mekhanik Krull"
"2698","Mekhanik Kurako"
"2699","Mekhanik Volkosh"
"2700","Mekhanik Yevgrafov"
"2701","Mekhanik Zheltovskiy"
"2702","Melgar Bay"
"2703","Melisa"
"2704","Melisa K"
"2705","Mendoza"
"2706","Menkar"
"2707","Meonia"
"2708","Mer Eagle"
"2709","Merawi"
"2710","Mercandian Continent"
"2711","Mercandian Duke"
"2712","Mercandian Globe"
"2713","Mercandian Importer III"
"2714","Mercandian Ocean"
"2715","Mercandian Queen II"
"2716","Mercandian Sea II"
"2717","Mercandian Sun II"
"2718","Mercandian Trader II"
"2719","Mercandian Universe"
"2720","Mercedes del Mar"
"2721","Merchant Pioneer"
"2722","Merchant Premier"
"2723","Merchant Principal"
"2724","Mercury Cape"
"2725","Mercury Cove"
"2726","Mercury Gulf"
"2727","Merida"
"2728","Merida"
"2729","Merkur Africa"
"2730","Merkur America"
"2731","Merkur Beach"
"2732","Merkur Delta"
"2733","Merkur Lake"
"2734","Mermaid"
"2735","Merzario Britannia"
"2736","Merzario Italia"
"2737","Merzario Nubia"
"2738","Meskerem"
"2739","Metal Trader"
"2740","Meteor"
"2741","Meteor I"
"2742","Mette Maersk"
"2743","Mette Sif"
"2744","Michalis S"
"2745","Michele"
"2746","Micronesian Commerce"
"2747","Micronesian Independence"
"2748","Mieczyslaw Kalinowski"
"2749","Mikhail Cheremnykh"
"2750","Mikhail Olminskiy"
"2751","Mikhail Prishvia"
"2752","Mikhail Stenko"
"2753","Mikhail Svetlov"
"2754","Mikhail Vladimirskiy"
"2755","Mild Ocean"
"2756","Mild Sun"
"2757","Mild Tran"
"2758","Mild Union"
"2759","Mild Victory"
"2760","Mild Win"
"2761","Mild Jiang"
"2762","Minatour"
"2763","Mindoro Bay"
"2764","Minerva"
"2765","Ming Cheng"
"2766","Ming Chun"
"2767","Ming Comfort"
"2768","Ming Energy"
"2769","Ming Fortune"
"2770","Ming Galaxy"
"2771","Ming Glory"
"2772","Ming Hope"
"2773","Ming Longevity"
"2774","Ming Moon"
"2775","Ming Ocean"
"2776","Ming Peace"
"2777","Ming Pleasure"
"2778","Ming Plenty"
"2779","Ming Progress"
"2780","Ming Prominence"
"2781","Ming Promotion"
"2782","Ming Propitious"
"2783","Ming Prosperity"
"2784","Ming Star"
"2785","Ming Sun"
"2786","Ming Universe"
"2787","Ming Yao"
"2788","Mini Lantern"
"2789","Mini Lead"
"2790","Mini Lizard"
"2791","Mini Lunar"
"2792","Mirach"
"2793","Miraslau"
"2794","Mirela"
"2795","Miriam Borchard"
"2796","Misana"
"2797","Misida"
"2798","Misiones II"
"2799","Mistra"
"2800","Mistral"
"2801","Mitla"
"2802","Mito"
"2803","Miyoko"
"2804","Mizoram"
"2805","Moana Pacific"
"2806","Moana Pacific"
"2807","Moji"
"2808","Molda"
"2809","Monarch"
"2810","Monawar L"
"2811","Monchegorsk"
"2812","Monique LD"
"2813","Mont Blanc Maru"
"2814","Mont Ventoux"
"2815","Montan"
"2816","Monte Alto"
"2817","Monte Cervantes"
"2818","Moute Cristo"
"2819","Moute Pascoal"
"2820","Moute Pascoal"
"2821","Moute Rosa"
"2822","Moute Rosa"
"2823","Mouterrey"
"2824","Moutfort"
"2825","Mouzon"
"2826","Moordrecht"
"2827","Moran"
"2828","Morant Bay"
"2829","Moraybank"
"2830","Morelos"
"2831","Mormac Saga"
"2832","Moramac Sea"
"2833","Morning Grace"
"2834","Morning Star"
"2835","Moscenice"
"2836","Moslavina"
"2837","Mosman Star"
"2838","Mosstar"
"2839","Mostween 6"
"2840","Motovun"
"2841","Mount Cameroon"
"2842","Mount Carmelo"
"2843","Mount Sabana"
"2844","Muggelsee"
"2845","Muhlenberg"
"2846","Muhlhausen Themas Muntzer Stadt"
"2847","Muhuti"
"2848","Mulbera"
"2849","Mulpha Kluang"
"2850","Mulpha Taiping"
"2851","Mulpha Tampin"
"2852","Mulpha Tapah"
"2853","Multan"
"2854","Multi Carrier"
"2855","Multitrader"
"2856","Mungo"
"2857","Murree"
"2858","Murter"
"2859","MC Amethyst"
"2860","MC Cedar"
"2861","MC Coral"
"2862","MC Diamond"
"2863","MC Gem"
"2864","MC Jade"
"2865","MC Pearl"
"2866","MSC Chiara"
"2867","MSC Marina"
"2868","MSC Sabrina"
"2869","MSC Susanna"
"2870","N Jord"
"2871","Nacional Rio"
"2872","Nacional Santos"
"2873","Nacional Vitoria"
"2874","Nedezhda Krupskaya"
"2875","Nedezhda Obukhova"
"2876","Naesborg"
"2877","Najaden"
"2878","Nakorn Thai"
"2879","Namgang Glory"
"2880","Nan Kou"
"2881","Nan Ping Shan"
"2882","Nanchang"
"2883","Nancy Lykes"
"2884","Nancy T"
"2885","Nandu Arrow"
"2886","Nangbeto"
"2887","Nantai Prince"
"2888","Nantai Princess"
"2889","Napier Star"
"2890","Narrator"
"2891","Natasha II"
"2892","Nathalle Delmas"
"2893","Nathanel"
"2894","National Dignity"
"2895","National Honor"
"2896","National Pride"
"2897","Nautique"
"2898","Navarino"
"2899","Navicon"
"2900","Navigare"
"2901","Navigla"
"2902","Nazilli"
"2903","Nebhana"
"2904","Nedlloyd van Cloon"
"2905","Nedlloyd van Diemen"
"2906","Nedlloyd van Linschoten"
"2907","Nedlloyd van Neck"
"2908","Nedlloyd van Noort"
"2909","Nedlloyd Alkmaar"
"2910","Nedlloyd Amersfoort"
"2911","Nedlloyd Bahraia"
"2912","Nedlloyd Baltimore"
"2913","Nedlloyd Bangkok"
"2914","Nedlloyd Barcelona"
"2915","Nedlloyd Clarence"
"2916","Nedlloyd Clement"
"2917","Nedlloyd Colombo"
"2918","Nedlloyd Dejima"
"2919","Nedlloyd Delft"
"2920","Nedlloyd Everest"
"2921","Nedlloyd Himalaya"
"2922","Nedlloyd Holland"
"2923","Nedlloyd Hong Kong"
"2924","Nedlloyd Hudson"
"2925","Nedlloyd Kembla"
"2926","Nedlloyd Kingston"
"2927","Nedlloyd Kyoto"
"2928","Nedlloyd Linge"
"2929","Nedlloyd Loire"
"2930","Nedlloyd Madras"
"2931","Nedlloyd Manila"
"2932","Nedlloyd Marseilles"
"2933","Nedlloyd Mauritius"
"2934","Nedlloyd Nagasaki"
"2935","Nedlloyd Napier"
"2936","Nedlloyd Nassau"
"2937","Nedlloyd Neerlandia"
"2938","Nedlloyd Rochester"
"2939","Nedlloyd Rosario"
"2940","Nedlloyd Rotterdam"
"2941","Nedlloyd Rouen"
"2942","Nedlloyd San Juan"
"2943","Nedlloyd Santos"
"2944","Nedlloyd Seoul"
"2945","Nedlloyd Shuttle"
"2946","Nedlloyd Singapore"
"2947","Nedlloyd Tasman"
"2948","Nedlloyd Zaandam"
"2949","Nedlloyd Zaire"
"2950","Nedlloyd Zeelandia"
"2951","Negba"
"2952","Nei Jiang"
"2953","Nen Jiang"
"2954","Neptun Sun"
"2955","Neptune Ace"
"2956","Neptune Amber"
"2957","Neptune Coral"
"2958","Neptune Crystal"
"2959","Neptune Diamond"
"2960","Neptune Emerald"
"2961","Neptune Garnet"
"2962","Neptune Ivory"
"2963","Neptune Jade"
"2964","Neptune Pearl"
"2965","Neptune Ruby"
"2966","Neptune Spinel"
"2967","Neptune Topaz"
"2968","Neptune Trident"
"2969","Neptune Zircon"
"2970","Neptunus"
"2971","Nestor"
"2972","Netsanet"
"2973","Netuno"
"2974","Neuquen II"
"2975","Neustadt"
"2976","Nevesi"
"2977","New Busan Express"
"2978","New England Trader"
"2979","New Genlord"
"2980","New Gentrust"
"2981","New Hai Teng"
"2982","New Oasis"
"2983","New Orleans"
"2984","New Sky"
"2985","New York Senator"
"2986","New Zealand Mariner"
"2987","New Zealand Pacific"
"2988","Newark Bay"
"2989","Nichigoh Maru"
"2990","Nicholas"
"2991","Nickel"
"2992","Nicolette"
"2993","Nihou"
"2994","Nikita Mitchenko"
"2995","Nikolay Ananyev"
"2996","Nikolay Cherkasov"
"2997","Nikolay Golovanov"
"2998","Nikolay Krylenko"
"2999","Nikolay Maksimov"
"3000","Nikolay Malakhov"
"3001","Nikolay Prezhevalskiy"
"3002","Nikolay Schukin"
"3003","Nikolay Semashko"
"3004","Nikolay Tchemyshevsky"
"3005","Nikolay Tikhonov"
"3006","Nikolay Tiulpin"
"3007","Nikolay Zhukov"
"3008","Nikos II"
"3009","Nile"
"3010","Nimos"
"3011","Nincop II"
"3012","Nini Pateras"
"3013","Nipponica"
"3014","Nizhneyansk"
"3015","Noa"
"3016","Nidilo"
"3017","Nomentana"
"3018","Nopal Lily"
"3019","Nora Heeren"
"3020","Norasia Adria"
"3021","Norasia Al-Mansoorah"
"3022","Norasia Al-Muntazah"
"3023","Norasia Alexandria"
"3024","Norasia Arabia"
"3025","Norasia Athena"
"3026","Norasia Attica"
"3027","Norasia Mubarak"
"3028","Norasia Pearl"
"3029","Norasia Princess"
"3030","Norasia Samantha"
"3031","Norasia Sharjah"
"3032","Norasia Singa"
"3033","Norasia Sun"
"3034","Norasia Susan"
"3035","Norcape"
"3036","Nordbay"
"3037","Nordborg"
"3038","Norden"
"3039","Nordfjell"
"3040","Nordhausen"
"3041","Nordheide"
"3042","Nordia"
"3043","Nordic Ferry"
"3044","Nordic Stream"
"3045","Nordland"
"3046","Nordsee"
"3047","Nordskott"
"3048","Nordstrand"
"3049","Nordsund"
"3050","Nordwelle"
"3051","Nordwind"
"3052","Nordwind"
"3053","Nordwoge"
"3054","Noren"
"3055","Norfolk Trader"
"3056","Norilsk"
"3057","Norland"
"3058","Norlandia"
"3059","Normandie Bridge"
"3060","Normandie  Shipper"
"3061","Normannia"
"3062","Norrsundet"
"3063","Norsea"
"3064","Norsky"
"3065","Norstar"
"3066","Norsun"
"3067","North Empress"
"3068","North King"
"3069","North Sea"
"3070","Northern Eagle"
"3071","Nortween Vilja"
"3072","Noruega"
"3073","Nova"
"3074","Novaya Ladoga"
"3075","Novia"
"3076","Novikov-Priboy"
"3077","Novocherkassk"
"3078","Novogrudok"
"3079","Novstein"
"3080","Novsun II"
"3081","Nuevo San Juan"
"3082","Nuova Lloydiana"
"3083","Nuova Piave"
"3084","Nuova Rosandra"
"3085","Nuova Venture"
"3086","Nurnberg Atlantic"
"3087","Nuvamarina"
"3088","Nuvamenchu"
"3089","Nuweiba"
"3090","NDS Atlantic"
"3091","NGS Harvest"
"3092","Oahu"
"3093","Oakbank"
"3094","Oakland"
"3095","Oasis Altair"
"3096","Oaxaca"
"3097","Obod"
"3098","Ocean"
"3099","Ocean Ace"
"3100","Ocean Blessing"
"3101","Ocean Champion"
"3102","Ocean Elite"
"3103","Ocean Express"
"3104","Ocean Fleet"
"3105","Ocean Link"
"3106","Ocean Link"
"3107","Ocean Prima"
"3108","Ocean Sif"
"3109","Ocean Sincerity"
"3110","Ocean Spirit"
"3111","Ocean Strength"
"3112","Oceania Express"
"3113","Oceania Queen"
"3114","Oceanus Osaka"
"3115","Oceanus Tokyo"
"3116","Octavia"
"3117","Odella"
"3118","Odorbei"
"3119","Ohfu"
"3120","Oihonna"
"3121","Oituz"
"3122","Okha"
"3123","Okunoze"
"3124","Oleander"
"3125","Oleander"
"3126","Olesi"
"3127","Olinda"
"3128","Olivia"
"3129","Olympian Reefer"
"3130","Omex Pioneer"
"3131","Omo Wonz"
"3132","Ondra"
"3133","Onibe"
"3134","Ostzee"
"3135","Oparis"
"3136","Opatija"
"3137","Opsterland"
"3138","Oravita"
"3139","Orient Eagle"
"3140","Orient Express"
"3141","Orient King"
"3142","Orient Triumph"
"3143","Oriental Ambassador"
"3144","Oriental Bay"
"3145","Oriental Executive"
"3146","Oriental Expert"
"3147","Oriental Knight"
"3148","Oriental Patriot"
"3149","Orinoco"
"3150","Oriolus"
"3151","Orion"
"3152","Orjula"
"3153","Orlec"
"3154","Ornella"
"3155","Osaka Bay"
"3156","Osaka Maru"
"3157","Osip Pyatnitskiy"
"3158","Oskar Wehr"
"3159","Oslobank"
"3160","Osprey Arrow"
"3161","Osterbay"
"3162","Osteriesland"
"3163","Osvald Tull"
"3164","Otto Beeker"
"3165","Otto Grotewohl"
"3166","Otto Parellada"
"3167","Oualidia"
"3168","Ouarzazate"
"3169","Oued Sebon"
"3170","Ouezzane"
"3171","Ouirgane"
"3172","Oulmes"
"3173","Ove Skou"
"3174","Oxford"
"3175","Oyster Bay"
"3176","OOCL Advance"
"3177","OOCL Ambition"
"3178","OOCL Atlantic"
"3179","OOCL Challenge"
"3180","OOCL Dominance"
"3181","OOCL Educator"
"3182","OOCL Europa"
"3183","OOCL Explorer"
"3184","OOCL Exporter"
"3185","OOCL Fair"
"3186","OOCL Faith"
"3187","OOCL Fortune"
"3188","OOCL Freedom"
"3189","OOCL Friendship"
"3190","OOCL Honour"
"3191","OOCL Hope"
"3192","P S Pallos"
"3193","Pacduke"
"3194","Pachitea"
"3195","Pacific Arrow"
"3196","Pacific Bridge"
"3197","Pacific Islander"
"3198","Pacific Maru"
"3199","Pacific Prosperity"
"3200","Packing"
"3201","Pacprince"
"3202","Pacprincess"
"3203","Pagai"
"3204","Pagena"
"3205","Paithoon"
"3206","Pal Eagle"
"3207","Palawan"
"3208","Paleisgracht"
"3209","Palekh"
"3210","Palembang"
"3211","Palma Mocha"
"3212","Palmah II"
"3213","Palmgracht"
"3214","Paltinis"
"3215","Panagia Faneromeni"
"3216","Panama Maru"
"3217","Panama Senator"
"3218","Panarea I"
"3219","Panciu"
"3220","Panteleymon Lepeshinskiy"
"3221","Paolo d'Amico"
"3222","Papua"
"3223","Papuan Chief"
"3224","Paraguay Carrier"
"3225","Paraguay Sun"
"3226","Paraguay Merchant"
"3227","Paraguay Trader"
"3228","Parandowski"
"3229","Parenas"
"3230","Parkgracht"
"3231","Parkhaven"
"3232","Pascani"
"3233","Pasewalk"
"3234","Passat I"
"3235","Patria"
"3236","Patria"
"3237","Patricia Delmas"
"3238","Patricia I"
"3239","Patricio Murphy"
"3240","Paul"
"3241","Paula"
"3242","Pauline M"
"3243","Paulis"
"3244","Pauwgracht"
"3245","Pavel Antokolskiy"
"3246","Pavel Mitskevich"
"3247","Pavel Vavilov"
"3248","Pavlin Vinogradov"
"3249","Pavlodar"
"3250","Pavlograd"
"3251","Pearl"
"3252","Pearl K"
"3253","Pearl Reefer"
"3254","Pecine"
"3255","Pedro C"
"3256","Pegasus"
"3257","Pagasus Peace"
"3258","Pagasus Pioneer"
"3259","Pagasus Pride"
"3260","Pagasus Progress"
"3261","Pelagos"
"3262","Pelcarrier"
"3263","Pelchaser"
"3264","Pelflyer"
"3265","Peljesac"
"3266","Pella"
"3267","Pelopor"
"3268","Peltrader"
"3269","Pembroke"
"3270","Penelope"
"3271","Penerf"
"3272","Peninsular Bay"
"3273","Peonia"
"3274","Perkasa"
"3275","Permai I"
"3276","Pervomaysk"
"3277","Pestovo"
"3278","Peter Sif"
"3279","Petersfield"
"3280","Petra"
"3281","Petra Gunda"
"3282","Petra Scheu"
"3283","Petrodvorets"
"3284","Petuja"
"3285","Phaethon"
"3286","Pharos"
"3287","Philadelphia Trader"
"3288","Philippa"
"3289","Philippine Victory"
"3290","Phuket Navee"
"3291","Pia"
"3292","Piatra Olt"
"3293","Piave"
"3294","Pichai Samut"
"3295","Pico Grande"
"3296","Pico Ruivo"
"3297","Pier Puyyad"
"3298","Pietersgracht"
"3299","Pijlgracht"
"3300","Pilbara"
"3301","Ping An Cheng"
"3302","Ping Ding Shan"
"3303","Ping Gue"
"3304","Ping Xiang Cheng"
"3305","Pinguin"
"3306","Pino del Agua"
"3307","Piuto"
"3308","Pioneer"
"3309","Pioneer Container"
"3310","Pioneer Wave"
"3311","Pioneiro"
"3312","Pioner Nakbodki"
"3313","Pioner Odessy"
"3314","Pioner Primorya"
"3315","Pioner Vladivostoka"
"3316","Pioner Vyborga"
"3317","Pionir"
"3318","Pipat Samut"
"3319","Pipob Samut"
"3320","Piran"
"3321","Piya Bhum"
"3322","Planeta"
"3323","Plata"
"3324","Pleiades"
"3325","Pocantico"
"3326","Pohorje"
"3327","Pokkinen"
"3328","Pokoj"
"3329","Polar Trader"
"3330","Polaris"
"3331","Polessk"
"3332","Pollux"
"3333","Polly Pioneer"
"3334","Polly Premier"
"3335","Polly Prestige"
"3336","Polly Prosper"
"3337","Polly Prudent"
"3338","Polonia"
"3339","Polynesia"
"3340","Ponce"
"3341","Ponia de Sagres"
"3342","Ponialva"
"3343","Ponteceso"
"3344","Poolgracht"
"3345","Popi"
"3346","Porer"
"3347","Portoroz"
"3348","Potsdam"
"3349","Prabhakti"
"3350","Praca"
"3351","Pravdinsk"
"3352","Premier"
"3353","President Adams"
"3354","President Arthur"
"3355","President Bochanan"
"3356","President Cleveland"
"3357","President Eisenhower"
"3358","President F D Roosevelt"
"3359","President Garfield"
"3360","President Grant"
"3361","President Harding"
"3362","President Harrison"
"3363","President Hoover"
"3364","President Jackson"
"3365","President Jefferson"
"3366","President Johnson"
"3367","President Kennedy"
"3368","President Lincoln"
"3369","President Madison"
"3370","President Monroe"
"3371","President Pierce"
"3372","President Polk"
"3373","President Taft"
"3374","President Truman"
"3375","President Tyler"
"3376","President Washington"
"3377","Presidente Gonzalez Videla"
"3378","Presidente Ibanez"
"3379","Presidente Sarmiento"
"3380","Pretoriano"
"3381","Pride of Portsmouth"
"3382","Prime Venture"
"3383","Primer"
"3384","Primera Peak"
"3385","Primorje"
"3386","Primorsk"
"3387","Primorye Maru"
"3388","Prince"
"3389","Prince Hamlet"
"3390","Princefield"
"3391","Prinsengracht"
"3392","Pristina"
"3393","Pritzwalk"
"3394","Privolie"
"3395","Pro Asia"
"3396","Pro Atlantica"
"3397","Profesor Mierzejewski"
"3398","Profesor Rylke"
"3399","Profesor Szafer"
"3400","Prefessor Tovstykh"
"3401","Project Americas"
"3402","Project Arabia"
"3403","Project Europa"
"3404","Promoter"
"3405","Prospect"
"3406","Prosper"
"3407","Prosperity River"
"3408","Provindence Bay"
"3409","Pskov"
"3410","Puck"
"3411","Puerto Cortes"
"3412","Puerto Ramon S Castillo"
"3413","Puerto Rico"
"3414","Puerto Santona"
"3415","Puffin Arrow"
"3416","Pulsar"
"3417","Puma"
"3418","Punta Ancla"
"3419","Punta Brava"
"3420","Punta Malvinas"
"3421","Puntland II"
"3422","Puritan"
"3423","Putivl"
"3424","Pyotr Dutov"
"3425","Pyotr Masherov"
"3426","Pyramids"
"3427","PAL Fortune"
"3428","PUL Adil"
"3429","PUL Bahagia"
"3430","PUL Sentosa"
"3431","Qatari Ibn Al Fuja'a"
"3432","Qi Lian Shan"
"3433","Qi Xia Shan"
"3434","Qian Shan"
"3435","Qian Tang Jiang"
"3436","Qin Tai"
"3437","Qing He"
"3438","Qing Hua"
"3439","Qiu He"
"3440","Queen's Way Bridge"
"3441","Quena"
"3442","Quyuan"
"3443","Rabat"
"3444","Rachel Borchard"
"3445","Radauti"
"3446","Radeberg"
"3447","Radom"
"3448","Rafaela S"
"3449","Ragna"
"3450","Ragna Gorthon"
"3451","Railro"
"3452","Rainbow"
"3453","Rainbow Ace"
"3454","Rainbow Bridge"
"3455","Rainbow Hope"
"3456","Rainier"
"3457","Rajah Brooke"
"3458","Raleigh Bay"
"3459","Ramdas"
"3460","Raqefet"
"3461","Ras Mohamed"
"3462","Ratana Bhum"
"3463","Ratih"
"3464","Ratu Kousortium"
"3465","Raven Arrow"
"3466","Ravidas"
"3467","Raya Happiness"
"3468","Razboieni"
"3469","Rebena"
"3470","Rebi"
"3471","Recife"
"3472","Red Sea Egalite"
"3473","Red Sea Encounter"
"3474","Red Sea Entente"
"3475","Reefer Creole"
"3476","Regina del Mar"
"3477","Regina Celi"
"3478","Regina D"
"3479","Regina Ferraz"
"3480","Regina Maersk"
"3481","Regine"
"3482","Reliance"
"3483","Remuera Bay"
"3484","Renata"
"3485","Renate Schulte"
"3486","Rendsburg"
"3487","Repap Enterprise"
"3488","Repubblica di Amalfi"
"3489","Repubblica di Genova"
"3490","Repubblica di Pisa"
"3491","Repubblica di Venezia"
"3492","Republica di Colombia"
"3493","Repulse Bay"
"3494","Resolute"
"3495","Resolution Bay"
"3496","Rex Star"
"3497","Rey Fruela"
"3498","Reykjafoss"
"3499","Rhein Bridge"
"3500","Rhein Express"
"3501","Rhine Forest"
"3502","Rhine Maru"
"3503","Rhinsee"
"3504","Rhodri Mawr"
"3505","Rica"
"3506","Richfield"
"3507","Richmond Bridge"
"3508","Rickmers Hangzhou"
"3509","Rickmers Shanghai"
"3510","Rickmers Tientsin"
"3511","Rijeka"
"3512","Rijeka Express"
"3513","Rio Acre"
"3514","Rio Atrato"
"3515","Rio Chama"
"3516","Rio Haina"
"3517","Rio Magdalena"
"3518","Rio Miami"
"3519","Rio Negro II"
"3520","Rio Purus"
"3521","Rio Truando"
"3522","Rissa"
"3523","River Aboine"
"3524","River Adada"
"3525","River Andoni"
"3526","River Asab"
"3527","River Ikpan"
"3528","River Mada"
"3529","River Maje"
"3530","River Majidun"
"3531","River Ngada"
"3532","River Ogbese"
"3533","River Oji"
"3534","River Oli"
"3535","River Oshun"
"3536","River Osse"
"3537","River Trader"
"3538","Robert"
"3539","Robert E Lee"
"3540","Rokko"
"3541","Rokko"
"3542","Rolf Buck"
"3543","Rolon Este"
"3544","Roma"
"3545","Roman Pazinski"
"3546","Romeral"
"3547","Romny"
"3548","Roncesvalles"
"3549","Rora Meru"
"3550","Rosa Blanca"
"3551","Rosa Daniela"
"3552","Rosa M"
"3553","Rosa S"
"3554","Rosa Tucano"
"3555","Rosandra"
"3556","Rose Wishes"
"3557","Rosia Bay"
"3558","Rosita Maria"
"3559","Rossella"
"3560","Rostov"
"3561","Rostov na Donn"
"3562","Rovine"
"3563","Rowanbank"
"3564","Royal Accord"
"3565","Rubeland"
"3566","Ruben Martinez Villena"
"3567","Rubens"
"3568","Rubezhnoye"
"3569","Rubicone"
"3570","Rudnyy"
"3571","Rudolstadt"
"3572","Rugard"
"3573","Ruhland"
"3574","Rupea"
"3575","Ruth Borchard"
"3576","Ruth-W"
"3577","Ryazan"
"3578","RR Ratna"
"3579","Sabine D"
"3580","Saby"
"3581","Safi"
"3582","Sagaing"
"3583","Saint Clair"
"3584","Saint Gerasimos"
"3585","Saint John"
"3586","Saint Roch"
"3587","Saint Roland"
"3588","Saint Romain"
"3589","Salahala"
"3590","Salar"
"3591","Salem A"
"3592","Salem N"
"3593","Salem S"
"3594","Salta"
"3595","Salvador"
"3596","Salvador Aliende"
"3597","Sam Houston"
"3598","Samar Victory"
"3599","Samarkand"
"3600","Sammi Crystal"
"3601","Sammi Frontier"
"3602","Sammi Herald"
"3603","Sammi Manna"
"3604","Samudra Samrat"
"3605","San Andreas Y Providencia"
"3606","San Diego"
"3607","San Huberto"
"3608","San Jiang Kou"
"3609","San Juan"
"3610","San Juan"
"3611","San Juan Victory"
"3612","San Lorenzo"
"3613","San Luis"
"3614","San Luis"
"3615","San Martin I"
"3616","San Mateo Victory"
"3617","San Sebastian"
"3618","Sandnes"
"3619","Sandra S"
"3620","Sandvik"
"3621","Sandy's Bay"
"3622","Sangerhausen"
"3623","Sangkulirang VII"
"3624","Santa Cruz"
"3625","Santa Cruz II"
"3626","Santa Fe"
"3627","Santa Fe"
"3628","Santa Fe II"
"3629","Santa Helena"
"3630","Santa Maria"
"3631","Santa Marta"
"3632","Santa Rita"
"3633","Santa Rosa"
"3634","Santa Rosa de Lima"
"3635","Santiago del Estero"
"3636","Santos"
"3637","Santos"
"3638","Sapphire"
"3639","Sarah"
"3640","Sarajevo Express"
"3641","Sarakawa"
"3642","Saramacca"
"3643","Sardegna"
"3644","Sardinia Vera"
"3645","Sargodha"
"3646","Sarina"
"3647","Satu Mare"
"3648","Saturnus"
"3649","Saudi Abha"
"3650","Saudi Al Jubail"
"3651","Saudi Diriyah"
"3652","Saudi Hall"
"3653","Saudi Hofuf"
"3654","Saudi Makkah"
"3655","Saudi Qassim"
"3656","Saudi Riyadh"
"3657","Saudi Tabuk"
"3658","Savannah"
"3659","Scandinavian Sun"
"3660","ScanDutch Arcadia"
"3661","ScanDutch Asia"
"3662","ScanDutch Corsica"
"3663","ScanDutch Gallia"
"3664","ScanDutch Helvetia"
"3665","ScanDutch Hispania"
"3666","ScanDutch Iberia"
"3667","ScanDutch Italia"
"3668","ScanDutch Ledra"
"3669","ScanDutch Liguria"
"3670","ScanDutch Massilia"
"3671","ScanDutch Orient"
"3672","ScanDutch Sardinia"
"3673","ScanDutch Sicilia"
"3674","Scarab"
"3675","Schackenborg"
"3676","Scheldemond"
"3677","Schippersgracht"
"3678","Schoterland"
"3679","Schulau"
"3680","Schwaneck"
"3681","Schwerin"
"3682","Schwielowsee"
"3683","Scott Albatros"
"3684","Scott Survivor"
"3685","Sea Adventurer"
"3686","Sea Architect"
"3687","Sea Barge 101"
"3688","Sea Barge 102"
"3689","Sea Commerce"
"3690","Sea Dragon"
"3691","Sea Exporter"
"3692","Sea Express"
"3693","Sea Fowl"
"3694","Sea Fox"
"3695","Sea Glister"
"3696","Sea Glory"
"3697","Sea Hawk"
"3698","Sea Hawk"
"3699","Sea Intrepid"
"3700","Sea Leader"
"3701","Sea Lion"
"3702","Sea Merchant"
"3703","Sea Pearl"
"3704","Sea Pioneer"
"3705","Sea Pioneer"
"3706","Sea Rainbow"
"3707","Sea Trade"
"3708","Sea Wolf"
"3709","Sea-Land Achiever"
"3710","Sea-Land Anchorage"
"3711","Sea-Land Atlantic"
"3712","Sea-Land Challenger"
"3713","Sea-Land Commitment"
"3714","Sea-Land Consumer"
"3715","Sea-Land Crusader"
"3716","Sea-Land Defender"
"3717","Sea-Land Developer"
"3718","Sea-Land Discovery"
"3719","Sea-Land Endurance"
"3720","Sea-Land Enterprise"
"3721","Sea-Land Expedition"
"3722","Sea-Land Explorer"
"3723","Sea-Land Express"
"3724","Sea-Land Freedom"
"3725","Sea-Land Hawaii"
"3726","Sea-Land Independence"
"3727","Sea-Land Innovator"
"3728","Sea-Land Integrity"
"3729","Sea-Land Kodiak"
"3730","Sea-Land Liberator"
"3731","Sea-Land Mariner"
"3732","Sea-Land Navigator"
"3733","Sea-Land Pacer"
"3734","Sea-Land Pacific"
"3735","Sea-Land Patriot"
"3736","Sea-Land Performance"
"3737","Sea-Land Producer"
"3738","Sea-Land Quality"
"3739","Sea-Land Tacoma"
"3740","Sea-Land Trader"
"3741","Sea-Land Value"
"3742","Sea-Land Voyager"
"3743","Seaboard Trader"
"3744","Seacrest Pioneer"
"3745","Seafrost"
"3746","Seahawk"
"3747","Seahorse"
"3748","Sealncs"
"3749","Seas Eiffel"
"3750","Sea Paris"
"3751","Seasky"
"3752","Seaward Bay"
"3753","Seaway Hobari"
"3754","Seaway Melbourne"
"3755","Seebrise"
"3756","Seevetal"
"3757","Segre"
"3758","Sejahtera"
"3759","Seki Akeishi"
"3760","Seki Cedar"
"3761","Seki Kochi"
"3762","Seki Matsuyama"
"3763","Seki Nagoya"
"3764","Seki Pine"
"3765","Seki Rolette"
"3766","Selandia"
"3767","Semiramis"
"3768","Senator"
"3769","Senator"
"3770","Senator"
"3771","Senator"
"3772","Senikoli Sierra"
"3773","Serdica"
"3774","Serenissima Express"
"3775","Serenissima 2"
"3776","Serra Branco"
"3777","Serra Dourada"
"3778","Sestroretsk"
"3779","Seven Seas Bridge"
"3780","Sevilla"
"3781","Sevmorput"
"3782","Sextum"
"3783","Sha He"
"3784","Sha He Kou"
"3785","Shandy"
"3786","Shang Cheng"
"3787","Sharm El Sheikh"
"3788","Sharpnes"
"3789","Shaula S"
"3790","Sheldon Lykes"
"3791","Shelley Bay"
"3792","Shi Zui Shan"
"3793","Shin Akashia Maru"
"3794","Shin Chun"
"3795","Shin Eikan"
"3796","Shin Taisei Maru"
"3797","Shin-Beishu Maru"
"3798","Shin-Kashu Maru"
"3799","Shin-Taisei Maru"
"3800","Shou Yang Shan"
"3801","Shu He"
"3802","Shun He"
"3803","Shun Jiang"
"3804","Siam Star"
"3805","Siberia Maru"
"3806","Sibi"
"3807","Sid McGrath"
"3808","Siegelberg"
"3809","Siegeria"
"3810","Sierra Express"
"3811","Sierra Maestra"
"3812","Sifnos Island"
"3813","Sigal"
"3814","Sigi-Sigi"
"3815","Sila"
"3816","Silver Chariot"
"3817","Silver Faith"
"3818","Silver Fjord"
"3819","Silver Glory"
"3820","Silver Glory"
"3821","Silver Happiness"
"3822","Silver Star"
"3823","Silvia Maria del Mar"
"3824","Simeria"
"3825","Simo Matavulj"
"3826","Simon Bolivar"
"3827","Simon Bolivar"
"3828","Sin Lian"
"3829","Sindbad Mariner"
"3830","Sinfa"
"3831","Singang"
"3832","Singapore Glory"
"3833","Singapore Jaya"
"3834","Singapore Senator"
"3835","Singapore Senator"
"3836","Singapore Victory"
"3837","Singelgracht"
"3838","Sino Ocean"
"3839","Sintala"
"3840","Sio"
"3841","Sira Ocean"
"3842","Siri Bhum"
"3843","Sirius"
"3844","Siroco"
"3845","Sirt"
"3846","Sissili River"
"3847","Sittwe"
"3848","Skagein"
"3849","Skanden"
"3850","Skanderborg"
"3851","Skanbord"
"3852","Skaugran"
"3853","Skeena"
"3854","Skodsborg"
"3855","Skogafoss"
"3856","Skona-Link"
"3857","Skulptor Golubkina"
"3858","Skulptor Konenkov"
"3859","Skulptor Vuchetich"
"3860","Skulptor Zalkalns"
"3861","Skutskar"
"3862","Skybridge"
"3863","Skyman"
"3864","Sleipner"
"3865","Sloman Ranger"
"3866","Sloman Record"
"3867","Sloman Regent"
"3868","Sloman Rider"
"3869","Sloman Runner"
"3870","Slotergracht"
"3871","Slovenija"
"3872","Smolensk"
"3873","Snoekgracht"
"3874","Soehadiwarno Panjang"
"3875","Sohland"
"3876","Solid Dos"
"3877","Solid Tres"
"3878","Solid Uno"
"3879","Solin"
"3880","Somers Bay"
"3881","Somers Isles"
"3882","Sonbai"
"3883","Sondershausen"
"3884","Song Cheng"
"3885","Song He"
"3886","Song Hua Jiang"
"3887","Song Shan"
"3888","Sonia M"
"3889","Sonora"
"3890","Sota Aranzazu"
"3891","Soufflot"
"3892","South Islander"
"3893","South Islands"
"3894","South Shields"
"3895","Southern Cross Maru"
"3896","Southern Island"
"3897","Southland Star"
"3898","Sovereign Accord"
"3899","Sovietskiye Profsoyuzy"
"3900","Sparkle"
"3901","Sparos"
"3902","Spheroid"
"3903","Sphinx"
"3904","Spica"
"3905","Spire"
"3906","Spirit of Competition"
"3907","Spirit of Freedom"
"3908","Splendid Fortune"
"3909","Split"
"3910","Sprante"
"3911","Sprante Diamond"
"3912","Sprante Rubin"
"3913","Spraynes"
"3914","Spring Bee"
"3915","Spring Bob"
"3916","Spring Breeze"
"3917","Spring Bride"
"3918","Spring Delight"
"3919","Spring Desire"
"3920","Spring Panda"
"3921","Spyvag I"
"3922","Srakane"
"3923","Srbija"
"3924","Sredetz"
"3925","Sriwijaya"
"3926","St Antonius"
"3927","St Magnus"
"3928","Stadiongracht"
"3929","Stadt Florsheim"
"3930","Stadt Leer"
"3931","Stadt Norden"
"3932","Staffetta Adriatica"
"3933","Staffetta Tirrenica"
"3934","Stafford"
"3935","Stanko Staikov"
"3936","Star Canadian"
"3937","Star Cebu"
"3938","Star Davanger"
"3939","Star Derby"
"3940","Star Dieppe"
"3941","Star Djervanger"
"3942","Star Dover"
"3943","Star Eagle"
"3944","Star Evviva"
"3945","Star Florida"
"3946","Star Fraser"
"3947","Star Fuji"
"3948","Star Geiranger"
"3949","Star Gran"
"3950","Star Grindanger"
"3951","Star Grip"
"3952","Star Hong Kong"
"3953","Star Langanger"
"3954","Star Leikanger"
"3955","Star Magnate"
"3956","Star Mallard"
"3957","Star New York"
"3958","Star Ranger"
"3959","Star Rover"
"3960","Star Sea"
"3961","Star Siranger"
"3962","Star Skarven"
"3963","Star Skoganger"
"3964","Star Stronen"
"3965","Star Texas"
"3966","Star Trondanger"
"3967","Star Tuva"
"3968","Star York"
"3969","State of Andhra Pradesh"
"3970","State of Gujarat"
"3971","State of Haryana"
"3972","State of Manipur"
"3973","State of Nagaland"
"3974","State of Orissa"
"3975","State of Tripura"
"3976","Stefan Starzynski"
"3977","Stefanla"
"3978","Stefanos"
"3979","Stella Lykes"
"3980","Stellar T"
"3981","Stena Carrier"
"3982","Stena Dan"
"3983","Stena Freighter"
"3984","Stena Mariner"
"3985","Stena Prosper"
"3986","Stena Tender"
"3987","Stena Trader"
"3988","Stena Trailer"
"3989","Stena Transfer"
"3990","Stena Transporter"
"3991","Stenholm"
"3992","Stepan Razin"
"3993","Stinnes Pampero"
"3994","Stinnes Taifun"
"3995","Stjerneborg"
"3996","Stoller Grund"
"3997","Stonewall Jackson"
"3998","Stork I"
"3999","Stoyko Peev"
"4000","Strait Container"
"4001","Strathbrora"
"4002","Strider Isis"
"4003","Strider Juno"
"4004","Stuttgart Express"
"4005","Su Chang"
"4006","Su He"
"4007","Su Lin"
"4008","Subotica"
"4009","Sucre"
"4010","Suderelv"
"4011","Sue Lykes"
"4012","Suhl"
"4013","Sulpicio Container II"
"4014","Sulpicio Container IV"
"4015","Sulpicio Container V"
"4016","Sulpicio Containe VI"
"4017","Sulpicio Container XI"
"4018","Sulpicio Container XII"
"4019","Suma"
"4020","Sun Suma"
"4021","Sunbrisa"
"4022","Sunmaria"
"4023","Sunny"
"4024","Sunny Arabella"
"4025","Sunny Christina"
"4026","Sunny Isabella"
"4027","Sunny Maribella"
"4028","Sunny Rose"
"4029","Sunpassat"
"4030","Sunshine Amazon"
"4031","Sunshine La Plata"
"4032","Sunshine Pearl"
"4033","Sunstar"
"4034","Sunstinnes"
"4035","Suntempest"
"4036","Sunwind"
"4037","Supanya"
"4038","Super Seven"
"4039","Super Six"
"4040","Surenes"
"4041","Surrey"
"4042","Susak"
"4043","Susak"
"4044","Susanne Sif"
"4045","Sveafjord"
"4046","Svealand"
"4047","Svendborg Gate"
"4048","Svendborg Guardian"
"4049","Svenja"
"4050","Sverdlovsk"
"4051","Swadaya"
"4052","Swakop"
"4053","Swan"
"4054","Swan Arrow"
"4055","Swan Reefer"
"4056","Swiftnes"
"4057","Sydney Express"
"4058","Symphorine"
"4059","Syria"
"4060","Syukur"
"4061","Szczecin"
"4062","SA Helderberg"
"4063","SA Sederberg"
"4064","SA Waterberg"
"4065","SA Winterberg"
"4066","T Wenda"
"4067","Ta He"
"4068","Taba"
"4069","Tabasco"
"4070","Tabora"
"4071","Tabuk"
"4072","Tachira"
"4073","Tadeusz Kosciuszko"
"4074","Tadeusz Ocioszynski"
"4075","Tadorne II"
"4076","Taeping"
"4077","Tai Bai Shan"
"4078","Tai He"
"4079","Tai Ping Kou"
"4080","Taiko"
"4081","Taishan"
"4082","Taiwan Senator"
"4083","Taiyuen"
"4084","Tajo"
"4085","Tajura"
"4086","Takari I"
"4087","Takari II"
"4088","Takari III"
"4089","Takari VI"
"4090","Takoradi"
"4091","Talabot"
"4092","Tamaitai Samoa"
"4093","Tamamima"
"4094","Tamanaco"
"4095","Tamarin"
"4096","Tambang VII"
"4097","Tambang VIII"
"4098","Tampa"
"4099","Tampere"
"4100","Tana"
"4101","Tanah Air"
"4102","Tang He"
"4103","Tanjung Balai"
"4104","Tanjung Emas"
"4105","Tanjung Perak"
"4106","Tano River"
"4107","Tanto Utama"
"4108","Tao He"
"4109","Tao Yuan"
"4110","Tapiola"
"4111","Tapuz"
"4112","Taras"
"4113","Tarros Gage"
"4114","Tasman Enterprise"
"4115","Tasman Venture"
"4116","Tasmania B"
"4117","Tatiana"
"4118","Taufiq"
"4119","Tausala Samoa"
"4120","Taza"
"4121","Teesland"
"4122","Teleorman"
"4123","Temsah"
"4124","Tendai Maru"
"4125","Teodor Nette"
"4126","Tequila Sunburst"
"4127","Tequila Sunrise"
"4128","Tequila Sunshine"
"4129","Ter"
"4130","Termancia"
"4131","Tern Arrow"
"4132","Tertia"
"4133","Tetien"
"4134","Teutonia"
"4135","Texas"
"4136","Thalassini Axia"
"4137","Thalassini Doxa"
"4138","Thana Bhum"
"4139","Tharos"
"4140","Thebeland"
"4141","Therese Delmas"
"4142","Thesee"
"4143","Thomas Wehr"
"4144","Thompson Lykes"
"4145","Thor"
"4146","Thor 1"
"4147","Thorscape"
"4148","Thuban"
"4149","Thuleland"
"4150","Thunar"
"4151","Tian Chang"
"4152","Tian Li Shan"
"4153","Tian Mu Shan"
"4154","Tian Shen"
"4155","Tian Tai Shan"
"4156","Tian Xing"
"4157","Tian Yan"
"4158","Tian Yue"
"4159","Tibor Szamuely"
"4160","Tierra del Fuego"
"4161","Tierra del Fuego II"
"4162","Tiger Bay"
"4163","Tiger Sea"
"4164","Tiger Wave"
"4165","Tigre"
"4166","Tikal"
"4167","Tikhon Kiselev"
"4168","Tiksi"
"4169","Tilia"
"4170","Tilly"
"4171","Tim Thielemann"
"4172","Timbus"
"4173","Timur Frunze"
"4174","Tinto"
"4175","Titan"
"4176","Titan Scan"
"4177","Tivat"
"4178","Toamasina"
"4179","Toba"
"4180","Tobruk"
"4181","Tochigi Maru"
"4182","Tokachisan Maru"
"4183","Toki Arrow"
"4184","Tokio Express"
"4185","Tokyo Bay"
"4186","Tokyo Bridge"
"4187","Tokyo Maru"
"4188","Tokyo Senator"
"4189","Tolaga Bay"
"4190","Toledo"
"4191","Toledo"
"4192","Toluca"
"4193","Tongass Trader"
"4194","Tor Anglia"
"4195","Tor Bay"
"4196","Tor Belgia"
"4197","Tor Britannia"
"4198","Tor Caledonia"
"4199","Tor Danis"
"4200","Tor Flandria"
"4201","Tor Gothia"
"4202","Tor Scandia"
"4203","Tor Scandinavia"
"4204","Torm Africa"
"4205","Torrens"
"4206","Toubkal"
"4207","Tourcoing"
"4208","Tower Bridge"
"4209","Townsville  Trader"
"4210","Toyama"
"4211","Tozeur"
"4212","Trabant"
"4213","Tracia"
"4214","Trade Animation"
"4215","Trade Bliss"
"4216","Trade Bright"
"4217","Trade Dawn"
"4218","Trade Diligence"
"4219","Trade Envoy"
"4220","Trade Ever"
"4221","Trade Fir"
"4222","Trade Fluency"
"4223","Trade Friend"
"4224","Trade Glory"
"4225","Trade Grace"
"4226","Trade Green"
"4227","Trade Link"
"4228","Trade Pine"
"4229","Trade Relish"
"4230","Trade River"
"4231","Trade Sky"
"4232","Trade Splendour"
"4233","Trade Vigour"
"4234","Tradewind"
"4235","Tramarco Trader"
"4236","Tramco Amity"
"4237","Tramco Asia"
"4238","TranscontianerI"
"4239","Transfinlandia"
"4240","Transgermenia"
"4241","Transindiana"
"4242","Transoceanica Silvia"
"4243","Transport Douro"
"4244","Transport Mass"
"4245","Transport Schelde"
"4246","Transport Tejo"
"4247","Transroll"
"4248","Transworld Bridge"
"4249","Tranztas Trader"
"4250","Traverway Express"
"4251","Trentsee"
"4252","Tricolor Star"
"4253","Tricon"
"4254","Trident Amber"
"4255","Trident Arc"
"4256","Trident Arrow"
"4257","Trident Baltic"
"4258","Trident Beauty"
"4259","Trident Bond"
"4260","Trident Challenger"
"4261","Trident Dawn"
"4262","Trident Delta"
"4263","Trident Dolphin"
"4264","Trident Dusk"
"4265","Trident Eagle"
"4266","Trident Emerald"
"4267","Trident Endeavour"
"4268","Trident Energy"
"4269","Trident Epic"
"4270","Triglav"
"4271","Trinta"
"4272","Tripos No 2"
"4273","Trono"
"4274","Tropic Jade"
"4275","Tropic Key"
"4276","Tropic Lure"
"4277","Tropic Mist"
"4278","Tropic Night"
"4279","Tropic Opal"
"4280","Tropic Palm"
"4281","Tropic Quest"
"4282","Tropic Reign"
"4283","Tropical Dawn"
"4284","Tropical Light"
"4285","Tropical Wind"
"4286","Trujillo"
"4287","Truskovetz"
"4288","Tsuru Arrow"
"4289","Tsurugata"
"4290","Tu Jiang"
"4291","Tu Men Jiang"
"4292","Tucuman"
"4293","Tucurui"
"4294","Tuhobic"
"4295","Tulsidas"
"4296","Tumilco"
"4297","Tundra Skater"
"4298","Tundra Skier"
"4299","Tundra Sprinter"
"4300","Tung Chau"
"4301","Tungho NO 3"
"4302","Tuo He"
"4303","Turid"
"4304","Turrialba"
"4305","Tutova"
"4306","Tuzla"
"4307","Tvira"
"4308","Tychy"
"4309","Tyrusland"
"4310","Tzou"
"4311","TA Explorer"
"4312","TA Mariner"
"4313","TA Navigator"
"4314","TA Voyager"
"4315","TEC Venture"
"4316","TFH Rich"
"4317","TNT Express"
"4318","Ucka"
"4319","Udofe II"
"4320","Ulan Bator"
"4321","Ulsnis"
"4322","Unamar"
"4323","Uni-Forever"
"4324","Uni-Fortune"
"4325","Uni-Forward"
"4326","Uni-Handsome"
"4327","Uni-Humanity"
"4328","Uni-Master"
"4329","Uni-Mercy"
"4330","Uni-Modest"
"4331","Uni-Moral"
"4332","Uni-Pioneer"
"4333","Uni-Shine"
"4334","Uni-Spring"
"4335","Uni-Summit"
"4336","Uni-Superb"
"4337","Unimar Transport"
"4338","Union Cupid"
"4339","Union Endeavour"
"4340","Union Rotolti"
"4341","Union Rotorus"
"4342","Unipuna"
"4343","Unique C"
"4344","Uniselva"
"4345","Unisierra"
"4346","Unitas H"
"4347","Unterturkheim"
"4348","Uralar Tercero"
"4349","Uranos"
"4350","Ursula Delmas"
"4351","Ursula Wessels"
"4352","Ursus"
"4353","Urte"
"4354","Uwe Kahrs"
"4355","UAL Montreal"
"4356","Vaal"
"4357","Valea Alba"
"4358","Valeria"
"4359","Valeria"
"4360","Valiant"
"4361","Valvanera del Mar"
"4362","Valvanuz"
"4363","Vanessa"
"4364","Vantage"
"4365","Varberg"
"4366","Varjakka"
"4367","Varna"
"4368","Vasilly Burkhanov"
"4369","Vasilly Byelokonyenko"
"4370","Vasilly Klochkov"
"4371","Vassills VII"
"4372","Vega"
"4373","Vega"
"4374","Vegaland"
"4375","Vela"
"4376","Vela"
"4377","Velazquez"
"4378","Velebit"
"4379","Velenje"
"4380","Venetiko"
"4381","Vento di Grecale"
"4382","Vento di Levante"
"4383","Vento di Maestrale"
"4384","Vento di Scirocco"
"4385","Venture Star"
"4386","Venus"
"4387","Venus Trader"
"4388","Vera Mukhina"
"4389","Verbena"
"4390","Vered"
"4391","Vermillon Bay"
"4392","Veronique Delmas"
"4393","Vesna"
"4394","Vesta"
"4395","Viamala"
"4396","Viator"
"4397","Viborg"
"4398","Victoria"
"4399","Victoria del Mar"
"4400","Victoria Bay"
"4401","Victoria Bay"
"4402","Victory"
"4403","Victory River"
"4404","Vida"
"4405","Vigor"
"4406","Vigour Maritime"
"4407","Vigour Pioneer"
"4408","Viirelaid"
"4409","Viking Trader"
"4410","Vikingland"
"4411","Viktor Tkachyov"
"4412","Villars"
"4413","Ville d'Oman"
"4414","Ville d'Oricnt"
"4415","Ville de Colombo"
"4416","Ville de Dubai"
"4417","Ville de Jupiter"
"4418","Ville de Mars"
"4419","Ville de Marseille"
"4420","Ville de Mercure"
"4421","Ville de Neptune"
"4422","Ville de Pluton"
"4423","Ville de Rouen"
"4424","Ville de Saturne"
"4425","Ville de Vega"
"4426","Ville de Venus"
"4427","Vinnitsa"
"4428","Vira Bhum"
"4429","Virgel"
"4430","Virginia Express"
"4431","Virgo"
"4432","Visayas Victory"
"4433","Vishva Aditya"
"4434","Vishva Ajay"
"4435","Vishva Ambar"
"4436","Vishva Amitabh"
"4437","Vishva Kaumudi"
"4438","Vishva Mohini"
"4439","Vishva Nandini"
"4440","Vishva Pallav"
"4441","Vishva Pankaj"
"4442","Vishva Parag"
"4443","Vishva Parijat"
"4444","Vishva Parimal"
"4445","Vishva Prafulla"
"4446","Visurgis"
"4447","Vitorandis"
"4448","Vitus Bering"
"4449","Vivi M"
"4450","Vivien"
"4451","Vladimir Arsenyev"
"4452","Vladimir Vaslyayev"
"4453","Vodice"
"4454","Vogtland"
"4455","Vojvodina"
"4456","Volta River"
"4457","Voronet"
"4458","Voyager"
"4459","Voyager"
"4460","Vyborg"
"4461","Waardrecht"
"4462","Wah Yee"
"4463","Walter Ulbricht"
"4464","Walter Ulbricht"
"4465","Waltraud"
"4466","Wan Chun"
"4467","Wan Ji"
"4468","Wan Quan He"
"4469","Warnemunde"
"4470","Warszawa II"
"4471","Waspada"
"4472","Waterdrager"
"4473","Watergraaf"
"4474","Waterkoning"
"4475","Waterschout"
"4476","Waterstoker"
"4477","Waga"
"4478","Wei He"
"4479","Wejherowo"
"4480","Welcome"
"4481","Well Marlin"
"4482","Wellington Maru"
"4483","Wellington Star"
"4484","Wen He"
"4485","Webellinsee"
"4486","Werner"
"4487","Weser"
"4488","Weser Guide"
"4489","Wesertal"
"4490","West Islands"
"4491","West Moor"
"4492","Westfield"
"4493","Westman"
"4494","Weston"
"4495","Westphalia"
"4496","Westward Venture"
"4497","Westwind"
"4498","Westwood Anette"
"4499","Westwood Belinda"
"4500","Westwood Cleo"
"4501","Westwood Jago"
"4502","Westwood Marianne"
"4503","Westwood Merchant"
"4504","Westwood Merit"
"4505","Westwood Musketeer"
"4506","White Nile"
"4507","White Rose"
"4508","White Stork"
"4509","Whitley Bay"
"4510","Wibke"
"4511","Wicklow"
"4512","Wieland"
"4513","Wieldrecht"
"4514","Wlen"
"4515","Wilcon I"
"4516","Wilcon II"
"4517","Wilcon III"
"4518","Wilcon V"
"4519","Wilcon VI"
"4520","Wilcon VIII"
"4521","Wild Lilly"
"4522","Wlihelm Pieck"
"4523","Wilhelm Shulte"
"4524","William Foster"
"4525","William Hooper"
"4526","William Shakespeare"
"4527","Willine Orient"
"4528","Wilma"
"4529","Windfield"
"4530","Windward"
"4531","Winter Star"
"4532","Winter Sun"
"4533","Winter Water"
"4534","Winter Wave"
"4535","Witroro"
"4536","Wladyslaw Sikorski"
"4537","Wloclawek"
"4538","Woensdrecht"
"4539","Woermann Sankuru"
"4540","Woermann Ulanga"
"4541","Woermann Wakamba"
"4542","Wolwol"
"4543","World Lion"
"4544","World Lynx"
"4545","World Quince"
"4546","World Tiger"
"4547","World Trader"
"4548","Wotan"
"4549","Wu Jiang"
"4550","WEC Canarias"
"4551","WEC Portugal"
"4552","Xi Fen Kou"
"4553","Xiang Cheng"
"4554","Xiang He"
"4555","Xiang Jiang"
"4556","Xiao Shi Kou"
"4557","Xin Kang"
"4558","Xing Cheng"
"4559","Xing Hai He"
"4560","Xing He"
"4561","Xing Hong"
"4562","Xiong Er Shan"
"4563","Xiong Yue Cheng"
"4564","XI Festival"
"4565","Y-S Prosperity"
"4566","Ya Lu Jiang"
"4567","Ya Rab"
"4568","Yacu Caspi"
"4569","Yacu Wasi"
"4570","Yacu Wayo"
"4571","Yaguar"
"4572","Yakasse"
"4573","Yakov Bondaryenko"
"4574","Yama"
"4575","Yamaaki Maru"
"4576","Yamashin Maru"
"4577","Yamataka Maru"
"4578","Yamatomo"
"4579","Yamoussoukro"
"4580","Yan Shan"
"4581","Yan Ting"
"4582","Yang Fang Kou"
"4583","Yang Zi Jiang 6"
"4584","Yankee Clipper"
"4585","Ydra"
"4586","Ye Lan"
"4587","Yekaterina Belashova"
"4588","Yemelyan Pugachyov"
"4589","Yemen Pioneer"
"4590","Yemen Pride"
"4591","Yerimu"
"4592","Yi Chun"
"4593","Yi He"
"4594","Yin Feng"
"4595","Yin He"
"4596","Yin Kim"
"4597","Ymir"
"4598","Yolanda"
"4599","Yolande Delmas"
"4600","Yong An"
"4601","Yong Jiang"
"4602","Yopougon"
"4603","Yosho Maru"
"4604","Youcheng"
"4605","Youwa"
"4606","Yu He"
"4607","Yu Jiang"
"4608","Yukon Trader"
"4609","Yulius Fuchik"
"4610","Yun Feng"
"4611","Yun Long"
"4612","Yun Tai Shan"
"4613","Yuri Levitan"
"4614","Yuriy Avot"
"4615","Yuriy Avotrull"
"4616","Yuiry Maksaryov"
"4617","Yusuf Ziya Onis"
"4618","Zagreb"
"4619","Zalav"
"4620","Zamet"
"4621","Zanoobia"
"4622","Zeran"
"4623","Zeta"
"4624","Zeus"
"4625","Zhang Heng"
"4626","Zhang Jia Kou"
"4627","Zhe Li"
"4628","Zhe Yan"
"4629","Zhi Jiang Kou"
"4630","Zhitomir"
"4631","Zhong Shan"
"4632","Zhuang He"
"4633","Zi Jin Shan"
"4634","Zim Antwerpen"
"4635","Zim Brisbane"
"4636","Zim Buenos Alres"
"4637","Zim California"
"4638","Zim Caribe II"
"4639","Zim ExpanaII"
"4640","Zim Genoa"
"4641","Zim Guam"
"4642","Zim Haifa"
"4643","Zim Hong Kong"
"4644","Zim Houston"
"4645","Zim Iberia"
"4646","Zim Kaohsiung"
"4647","Zim Keelung"
"4648","Zim Kingston II"
"4649","Zim Koper"
"4650","Zim Livorno"
"4651","Zim Manila II"
"4652","Zim Marseille"
"4653","Zim Melbourne"
"4654","Zim Miami"
"4655","Zim Montreal"
"4656","Zim New Orleans"
"4657","Zim New York"
"4658","Zim Osaka"
"4659","Zim Piraeus"
"4660","Zim Pusan"
"4661","Zim Savannsh"
"4662","Zim Singapore"
"4663","Zim Sydney"
"4664","Zim Tokyo"
"4665","Zim Trieste"
"4666","Zim Veneria"
"4667","Zim Yokohama"
"4668","Zoella Lykes"
"4669","Zuhal K"
"4670","Zulia"
"4671","Zvani"
"4672","Zwarte Meer"
"4673","30 de Noviembre"
